TimeStamp,PlayerForwardRadian,PlayerVelocity,PlayerRelativeDirectionRadian,RelativeDistance,Dist_from_Top,Dist_from_Bottom,Dist_from_Left,Dist_from_Right,PlayerHP,PlayerStamina
201.716,-0.939717,600.0,-0.515712,353.623,286.181,913.819,378.253,821.747,100.0,100.0
201.773,-0.930554,600.0,-0.472339,322.628,313.785,886.215,398.582,801.418,100.0,100.0
201.827,-0.832816,600.0,-0.427121,293.51,338.985,861.015,418.743,781.257,100.0,100.0
201.887,-0.640393,600.0,-0.378837,260.086,364.381,835.619,444.239,755.76,100.0,100.0
201.967,-0.447971,600.0,-0.330674,213.889,391.126,808.874,483.583,716.417,100.0,100.0
202.031,-0.40521,600.0,-0.295542,175.96,409.322,790.678,517.553,682.447,100.0,100.0
202.093,-0.40521,106.701,-0.282352,164.025,414.872,785.128,528.355,671.645,100.0,95.0
202.152,-0.40521,0.0,-0.282352,164.025,414.872,785.128,528.355,671.645,100.0,95.0
202.217,-0.40521,571.733,-0.245048,115.243,432.613,767.387,574.084,625.916,100.0,95.0
202.283,-0.40521,168.294,-0.122737,77.1827,452.325,747.675,609.261,590.739,100.0,95.0
202.366,-0.40521,0.0,-0.0980141,77.0307,454.236,745.764,609.202,590.798,100.0,95.0
202.4,-0.40521,43.4941,-0.104106,76.1964,453.856,746.144,610.079,589.921,100.0,95.0
202.45,-0.40521,0.0,-0.104847,76.0171,453.819,746.181,610.263,589.737,100.0,95.0
202.547,-0.40521,0.0,-0.101131,76.0177,454.1,745.9,610.234,589.766,100.0,95.0
202.62,-0.40521,0.0,-0.0836445,76.0293,455.422,744.578,610.099,589.901,100.0,95.0
202.705,-0.40521,0.0,-0.0239364,76.1584,459.952,740.048,609.726,590.274,100.0,95.0
202.738,-0.40521,41.8906,-0.012998,76.3979,460.781,739.219,609.471,590.529,100.0,95.0
202.811,-0.40521,0.0,-0.00410788,76.6005,461.46,738.54,609.263,590.737,100.0,90.0
202.867,-0.40521,0.0,-0.00410788,76.6005,461.46,738.54,609.263,590.737,100.0,90.0
202.896,-0.40521,360.722,0.131448,77.2769,471.903,728.097,609.253,590.747,100.0,90.0
203.007,-0.40521,0.0,0.253555,77.3628,481.181,718.819,610.974,589.026,100.0,90.0
203.039,-0.40521,113.51,0.299072,76.7079,484.375,715.625,612.56,587.44,100.0,90.0
203.127,-0.40521,0.0,0.303222,76.5045,484.618,715.382,612.849,587.151,100.0,90.0
203.191,-0.40521,62.1725,0.302453,76.3314,484.511,715.489,612.996,587.004,100.0,90.0
203.297,-0.40521,0.0,0.302453,76.3314,484.511,715.489,612.996,587.004,100.0,90.0
203.353,-0.40521,79.0341,0.344196,76.2451,487.503,712.497,614.09,585.91,100.0,90.0
203.42,-0.40521,0.0,0.350172,76.3801,487.977,712.023,614.118,585.882,100.0,90.0
203.499,-0.40521,0.0,0.350172,76.3801,487.977,712.023,614.118,585.882,100.0,90.0
203.533,-0.40521,0.0,0.350172,76.3801,487.977,712.023,614.118,585.882,100.0,90.0
203.672,-0.40521,0.0,0.350172,76.3801,487.977,712.023,614.118,585.882,100.0,90.0
203.71,-0.40521,0.0,0.350172,76.3801,487.977,712.023,614.118,585.882,100.0,90.0
203.824,-0.40521,0.0,0.350172,76.3801,487.977,712.023,614.118,585.882,100.0,90.0
203.859,-0.40521,0.0,0.350172,76.3801,487.977,712.023,614.118,585.882,100.0,90.0
203.993,-0.40521,0.0,0.350172,76.3801,487.977,712.023,614.118,585.882,100.0,90.0
204.026,-0.40521,0.0,0.350172,76.3801,487.977,712.023,614.118,585.882,100.0,90.0
204.106,-0.40521,0.0,0.350172,76.3801,487.977,712.023,614.118,585.882,100.0,90.0
204.172,-0.40521,0.0,0.350172,76.3801,487.977,712.023,614.118,585.882,100.0,90.0
204.233,-0.40521,0.0,0.350172,76.3801,487.977,712.023,614.118,585.882,100.0,90.0
204.361,-0.40521,0.0,0.350172,76.3801,487.977,712.023,614.118,585.882,100.0,90.0
204.395,-0.40521,0.0,0.350172,76.3801,487.977,712.023,614.118,585.882,100.0,90.0
204.519,-0.40521,494.318,0.346839,137.224,508.42,691.58,556.81,643.19,99.0469,90.0
204.652,-0.40521,0.0,0.421092,131.368,515.472,684.528,565.97,634.03,98.0938,90.0
204.768,-0.40521,0.0,0.421092,131.368,515.472,684.528,565.97,634.03,98.0938,100.0
204.913,-0.40521,0.0,0.422183,131.228,515.545,684.455,566.157,633.843,97.1408,100.0
205.042,-0.40521,0.0,0.422183,131.228,515.545,684.455,566.157,633.843,97.1408,100.0
205.152,-0.40521,1247.62,0.154943,260.23,501.934,698.066,428.751,771.249,93.5191,100.0
205.241,-0.40521,0.0,0.154943,260.23,501.934,698.066,428.751,771.249,93.5191,100.0
205.316,-0.40521,0.0,0.154943,260.23,501.934,698.066,428.751,771.249,93.5191,100.0
205.379,-0.40521,0.0,0.154943,260.23,501.934,698.066,428.751,771.249,93.5191,100.0
205.439,-0.40521,0.0,0.154943,260.23,501.934,698.066,428.751,771.249,93.5191,100.0
205.495,-0.40521,0.0,0.154943,260.23,501.934,698.066,428.751,771.249,93.5191,100.0
205.558,-0.40521,223.487,0.200427,279.539,517.427,682.573,411.919,788.081,92.3754,100.0
205.608,-0.40521,0.0,0.204249,281.321,518.835,681.165,410.39,789.61,92.3754,100.0
205.664,-0.40521,0.0,0.204249,281.321,518.835,681.165,410.39,789.61,92.3754,100.0
205.715,-0.40521,0.0,0.204249,281.321,518.835,681.165,410.39,789.61,92.3754,100.0
205.764,-0.40521,0.0,0.204249,281.321,518.835,681.165,410.39,789.61,92.3754,100.0
205.825,-0.40521,0.0,0.204249,281.321,518.835,681.165,410.39,789.61,92.3754,100.0
205.899,-0.40521,0.0,0.204249,281.321,518.835,681.165,410.39,789.61,92.3754,100.0
205.969,-0.40521,0.0,0.204249,281.321,518.835,681.165,410.39,789.61,92.3754,100.0
206.041,-0.40521,0.0,0.204249,281.321,518.835,681.165,410.39,789.61,92.3754,100.0
206.112,-0.40521,0.0,0.204249,281.321,518.835,681.165,410.39,789.61,92.3754,100.0
206.183,-0.551818,145.187,0.183905,276.082,512.262,687.738,414.437,785.563,92.3754,100.0
206.25,-0.551818,283.132,0.137059,265.133,498.0,702.0,423.217,776.783,89.9927,100.0
206.326,-0.551818,1243.07,0.0977035,358.522,496.748,703.252,329.051,870.949,89.9927,100.0
206.406,-0.551818,0.312983,0.0977035,358.522,496.748,703.252,329.051,870.949,89.9927,100.0
206.502,-0.551818,93.7452,0.0977035,358.522,496.748,703.252,329.051,870.949,89.9927,100.0
206.582,-0.551818,0.0,0.0977035,358.522,496.748,703.252,329.051,870.949,89.9927,100.0
206.64,-0.551818,0.0,0.0977035,358.522,496.748,703.252,329.051,870.949,89.9927,100.0
206.701,-0.551818,0.0,0.0977035,358.522,496.748,703.252,329.051,870.949,89.9927,100.0
206.758,-0.551818,0.0,0.0977035,358.522,496.748,703.252,329.051,870.949,89.9927,100.0
206.811,-0.551818,0.0,0.0977035,358.522,496.748,703.252,329.051,870.949,89.9927,100.0
206.867,-0.661774,114.427,0.107002,355.06,499.694,700.306,332.834,867.166,89.9927,100.0
206.909,-0.661774,199.67,0.123553,349.134,504.801,695.199,339.39,860.61,89.9927,100.0
206.972,-0.661774,329.309,0.163099,336.107,516.35,683.65,354.217,845.783,89.9927,100.0
207.042,-0.661774,473.421,0.23469,316.029,535.264,664.736,378.498,821.502,89.9927,100.0
207.119,-0.661774,600.0,0.352828,290.67,562.216,637.784,413.098,786.902,89.9927,100.0
207.186,-0.661774,600.0,0.479166,271.563,586.976,613.024,444.884,755.117,89.9927,100.0
207.294,-0.661774,524.302,0.707608,257.505,629.158,570.842,490.18,709.82,89.9927,100.0
207.374,-0.661774,14.1312,0.736499,258.851,635.644,564.356,494.1,705.9,87.7053,100.0
207.443,-0.661774,0.0,0.736499,258.851,635.644,564.356,494.1,705.9,87.7053,100.0
207.513,-0.35948,0.0,0.736499,258.851,635.644,564.356,494.1,705.9,87.7053,100.0
207.582,-0.35948,0.0,0.736499,258.851,635.644,564.356,494.1,705.9,87.7053,100.0
207.641,-0.35948,0.0,0.736499,258.851,635.644,564.356,494.1,705.9,87.7053,100.0
207.709,-0.35948,0.0,0.736499,258.851,635.644,564.356,494.1,705.9,87.7053,100.0
207.779,-0.35948,0.0,0.736499,258.851,635.644,564.356,494.1,705.9,87.7053,100.0
207.821,-0.35948,0.0,0.736499,258.851,635.644,564.356,494.1,705.9,86.7522,100.0
207.879,-0.35948,0.0,0.736499,258.851,635.644,564.356,494.1,705.9,86.7522,100.0
207.937,-0.35948,0.0,0.736499,258.851,635.644,564.356,494.1,705.9,86.7522,100.0
207.99,-0.35948,0.0,0.736499,258.851,635.644,564.356,494.1,705.9,86.7522,100.0
208.029,-0.35948,0.0,0.736499,258.851,635.644,564.356,494.1,705.9,86.7522,100.0
208.086,-0.35948,0.0,0.736499,258.851,635.644,564.356,494.1,705.9,86.7522,100.0
208.155,-0.35948,0.0,0.736499,258.851,635.644,564.356,494.1,705.9,86.7522,100.0
208.201,-0.35948,0.0,0.736499,258.851,635.644,564.356,494.1,705.9,86.7522,100.0
208.262,-0.35948,0.0,0.728187,258.136,633.569,566.431,493.195,706.805,83.4165,100.0
208.323,-0.374834,1244.38,0.650308,330.612,661.938,538.062,422.729,777.271,83.4165,100.0
208.372,-0.0613061,39.0637,0.650308,330.612,661.938,538.062,422.729,777.271,83.4165,100.0
208.437,-0.0613061,24.3631,0.650308,330.612,661.938,538.062,422.729,777.271,83.4165,100.0
208.504,-0.0613061,90.2399,0.650308,330.612,661.938,538.062,422.729,777.271,83.4165,100.0
208.544,-0.0613061,129.352,0.650308,330.612,661.938,538.062,422.729,777.271,83.4165,100.0
208.61,-0.0613061,51.7136,0.67664,333.681,670.718,529.282,425.698,774.302,82.2728,100.0
208.672,-0.00957551,0.0,0.67664,333.681,670.718,529.282,425.698,774.302,82.2728,100.0
208.73,-0.00957551,0.0,0.67664,333.681,670.718,529.282,425.698,774.302,82.2728,100.0
208.79,-0.00957551,0.0,0.67664,333.681,670.718,529.282,425.698,774.302,82.2728,100.0
208.849,-0.00957551,0.0,0.67664,333.681,670.718,529.282,425.698,774.302,82.2728,100.0
208.907,-0.00957551,106.115,0.699452,344.069,683.286,516.714,422.582,777.418,81.0338,100.0
208.962,0.0648443,0.0,0.699452,344.069,683.286,516.714,422.582,777.418,81.0338,100.0
209.017,0.0648443,0.0,0.699452,339.308,683.286,516.714,422.582,777.418,81.0338,100.0
209.068,0.0648443,0.0,0.699452,330.117,683.286,516.714,422.582,777.418,81.0338,100.0
209.115,0.0648443,0.0,0.699452,320.751,683.286,516.714,422.582,777.418,81.0338,100.0
209.163,0.0648443,0.0,0.699452,311.012,683.286,516.714,422.582,777.418,81.0338,100.0
209.224,0.0648443,157.781,0.673678,316.721,688.434,511.566,403.785,796.215,79.6995,100.0
209.282,0.0856335,0.0,0.672727,305.664,688.629,511.371,403.075,796.925,79.6995,100.0
209.335,0.0863356,0.0,0.672727,295.129,688.629,511.371,403.075,796.925,79.6995,100.0
209.386,0.0863356,0.0,0.672727,284.86,688.629,511.371,403.075,796.925,77.3168,100.0
209.441,0.0863356,1247.49,0.62453,340.344,716.927,483.073,341.242,858.758,77.3168,100.0
209.49,0.176333,16.4935,0.62453,330.472,716.927,483.073,341.242,858.758,77.3168,100.0
209.549,0.176333,74.0726,0.62453,318.722,716.927,483.073,341.242,858.758,77.3168,100.0
209.612,0.176333,0.0,0.631502,311.534,716.927,483.073,341.242,858.758,77.3168,100.0
209.659,0.176333,0.0,0.641188,310.254,716.927,483.073,341.242,858.758,77.3168,100.0
209.703,0.176333,0.0,0.650583,308.854,716.927,483.073,341.242,858.758,77.3168,100.0
209.734,0.176333,0.0,0.656563,307.521,716.927,483.073,341.242,858.758,77.3168,100.0
209.774,0.176333,0.0,0.665954,305.935,716.927,483.073,341.242,858.758,77.3168,100.0
209.824,0.176333,0.0,0.678824,303.577,716.927,483.073,341.242,858.758,77.3168,100.0
209.879,0.176333,0.0,0.69273,300.27,716.927,483.073,341.242,858.758,77.3168,100.0
209.925,0.176333,0.0,0.706385,297.109,716.927,483.073,341.242,858.758,77.3168,100.0
209.966,0.176333,0.0,0.719101,293.779,716.927,483.073,341.242,858.758,77.3168,100.0
210.014,0.176333,0.0,0.73501,289.133,716.927,483.073,341.242,858.758,77.3168,96.5
210.056,0.176333,0.0,0.747541,284.201,716.927,483.073,341.242,858.758,77.3168,96.5
210.098,0.176333,701.225,0.844842,295.961,746.058,453.942,346.433,853.567,77.3168,96.5
210.152,0.292145,217.157,0.906465,299.953,763.717,436.283,349.579,850.421,77.3168,96.5
210.204,0.361055,304.26,0.958238,303.001,779.007,420.993,352.304,847.696,77.3168,96.5
210.258,0.419345,0.0,0.973908,294.993,780.05,419.95,352.49,847.51,77.3168,96.5
210.315,0.423263,0.0,0.984456,284.506,780.05,419.95,352.49,847.51,77.3168,96.5
210.365,0.423263,0.0,0.988876,274.684,780.05,419.95,352.49,847.51,77.3168,96.5
210.414,0.423263,0.0,0.989337,265.057,780.05,419.95,352.49,847.51,77.3168,96.5
210.462,-0.362135,0.0,0.989337,255.338,780.05,419.95,352.49,847.51,77.3168,89.5
210.511,-0.362135,0.0,0.989337,245.641,780.05,419.95,352.49,847.51,77.3168,89.5
210.553,-0.362135,0.0,0.989337,237.171,780.05,419.95,352.49,847.51,77.3168,89.5
210.591,-0.362135,0.0,0.989337,229.539,780.05,419.95,352.49,847.51,77.3168,89.5
210.642,-0.362135,0.0,0.989337,219.416,780.05,419.95,352.49,847.51,77.3168,89.5
210.691,-0.362135,0.0,0.989337,209.608,780.05,419.95,352.49,847.51,77.3168,89.5
210.744,-0.362135,0.0,0.989337,198.99,780.05,419.95,352.49,847.51,77.3168,89.5
210.796,-0.362135,0.0,0.989337,188.644,780.05,419.95,352.49,847.51,77.3168,89.5
210.857,-0.362135,0.0,0.989337,176.381,780.05,419.95,352.49,847.51,77.3168,89.5
210.951,-0.362135,365.24,1.36184,164.523,809.386,390.614,404.861,795.139,77.3168,89.5
211.024,-0.362135,2096.44,2.0558,250.681,884.443,315.557,552.844,647.156,77.3168,89.5
211.166,-0.362135,478.718,2.3985,462.445,1000.58,199.416,789.703,410.297,77.3168,89.5
211.257,-0.362135,1549.23,2.56456,632.041,1044.9,155.102,992.354,207.646,77.3168,89.5
211.345,-0.362135,73.8775,2.64952,742.409,1060.44,139.561,1131.71,68.2948,77.3168,89.5
211.447,-0.362135,0.0,2.64952,721.992,1060.44,139.561,1131.71,68.2948,77.3168,89.5
211.579,2.51843,270.213,2.65415,671.992,1046.54,153.465,1112.36,87.6404,77.3168,89.5
211.662,2.51843,438.947,2.66703,623.576,1027.46,172.542,1085.81,114.185,77.3168,89.5
211.741,2.51843,600.0,2.6853,563.956,1001.38,198.622,1049.53,150.473,77.3168,89.5
211.827,2.51843,600.0,2.71103,496.933,971.421,228.579,1007.85,192.154,77.3168,89.5
211.895,2.51843,600.0,2.73696,444.044,947.649,252.351,974.769,225.231,77.3168,89.5
211.963,2.51843,600.0,2.77012,391.198,923.725,276.275,941.481,258.519,77.3168,89.5
212.043,2.51843,600.0,2.82264,329.786,895.586,304.414,902.328,297.672,77.3168,89.5
212.134,2.51843,600.0,2.91063,262.446,863.988,336.012,858.363,341.637,77.3168,89.5
212.24,2.51843,600.0,3.04374,183.813,826.737,373.263,806.532,393.468,77.3168,89.5
212.337,2.51843,600.0,-2.98944,117.814,792.815,407.185,759.333,440.667,77.3168,89.5
212.414,2.51843,276.828,-2.74071,96.5371,773.001,426.999,731.763,468.237,77.3168,99.5
212.595,2.51843,0.0,-2.73197,96.0298,772.427,427.573,730.965,469.035,77.3168,92.5
212.681,2.51843,0.0,-2.73197,96.0298,772.427,427.573,730.965,469.035,77.3168,92.5
212.774,2.51843,0.0,-2.73197,96.0298,772.427,427.573,730.965,469.035,77.3168,92.5
212.874,2.51843,0.0,-2.73197,96.0298,772.427,427.573,730.965,469.035,77.3168,92.5
212.955,2.51843,102.421,-2.65136,111.393,758.225,441.775,741.153,458.847,77.3168,92.5
213.032,2.51843,585.604,-2.37492,173.62,690.225,509.775,767.924,432.076,77.3168,92.5
213.12,2.51843,291.234,-2.04311,252.062,586.206,613.794,757.554,442.446,77.3168,92.5
213.212,2.51843,1178.83,-1.31162,253.481,565.658,634.342,577.917,622.083,77.3168,92.5
213.301,2.51843,1544.18,-0.938398,387.324,498.252,701.748,413.939,786.061,77.3168,92.5
213.386,2.51843,33.4107,-0.960073,391.755,489.733,710.267,418.223,781.777,77.3168,92.5
213.469,2.51843,0.0,-0.960073,391.755,489.733,710.267,418.223,781.777,77.3168,92.5
213.536,2.51843,0.0,-0.960073,391.755,489.733,710.267,418.223,781.777,77.3168,89.0
213.605,2.51843,0.0,-0.960073,391.755,489.733,710.267,418.223,781.777,77.3168,89.0
213.665,2.51843,602.879,-0.944384,427.208,464.576,735.424,392.432,807.568,77.3168,89.0
213.72,2.51843,16.6879,-0.942649,431.533,461.511,738.489,389.29,810.71,77.3168,89.0
213.807,2.51843,0.0,-0.940398,437.279,457.442,742.558,385.118,814.882,77.3168,89.0
213.901,-0.815464,0.0,-0.940398,437.279,457.442,742.558,385.118,814.882,77.3168,89.0
213.969,-0.815464,138.577,-0.942434,430.302,462.562,737.438,389.939,810.061,77.3168,89.0
214.032,-0.815464,268.008,-0.947041,409.399,473.404,726.596,400.148,799.852,77.3168,89.0
214.102,-0.815464,410.899,-0.956335,369.51,492.462,707.538,418.093,781.907,77.3168,89.0
214.232,-0.815464,600.0,-0.994513,270.783,546.054,653.946,468.556,731.444,77.3168,89.0
214.31,-0.815464,568.572,-1.03327,210.267,579.359,620.641,499.916,700.084,77.3168,89.0
214.397,-0.815464,0.0,-1.03357,192.756,579.557,620.443,500.102,699.898,80.4002,82.0
214.475,-0.815464,0.0,-1.03357,177.103,579.557,620.443,500.102,699.898,80.4002,82.0
214.56,-0.815464,0.0,-1.03357,159.997,579.557,620.443,500.102,699.898,80.4002,82.0
214.633,-0.815464,0.0,-1.03357,145.532,579.557,620.443,500.102,699.898,80.4002,82.0
214.717,-0.815464,0.0,-1.05565,140.853,579.557,620.443,500.102,699.898,80.4002,82.0
214.802,-0.815464,0.0,-1.08221,139.458,579.557,620.443,500.102,699.898,80.4002,82.0
214.88,-0.815464,78.5785,-1.01196,134.92,588.824,611.176,490.288,709.712,80.4002,82.0
214.953,-0.815464,528.572,-0.593479,121.164,635.899,564.101,456.716,743.284,80.4002,82.0
215.041,-0.815464,1185.1,0.609096,138.468,782.881,417.119,443.595,756.405,80.4002,82.0
215.109,-0.815464,1106.29,1.47404,144.598,847.583,352.417,543.193,656.807,80.4002,82.0
215.165,-0.815464,1548.58,1.86921,199.397,894.245,305.755,615.785,584.215,80.4002,82.0
215.205,-0.815464,656.233,1.94764,220.546,908.731,291.269,638.319,561.681,80.4002,82.0
215.336,-0.815464,0.0,1.96772,226.937,912.955,287.045,644.891,555.109,80.4002,82.0
215.439,-0.815464,0.0,1.96772,226.937,912.955,287.045,644.891,555.109,83.4837,82.0
215.518,-0.815464,0.0,1.96772,226.937,912.955,287.045,644.891,555.109,83.4837,78.5
215.586,-0.815464,0.0,1.96772,226.937,912.955,287.045,644.891,555.109,83.4837,78.5
215.664,-0.815464,361.793,1.95587,268.609,952.6,247.4,658.058,541.942,83.4837,78.5
215.747,-0.815464,130.717,1.95126,289.297,972.27,227.73,664.592,535.408,83.4837,78.5
215.863,1.89147,0.0,1.95126,289.297,972.27,227.73,664.592,535.408,83.4837,78.5
215.973,1.89147,226.048,1.95496,272.427,956.231,243.769,659.264,540.736,83.4837,78.5
216.064,1.89147,0.0,1.95515,258.901,955.508,244.492,659.024,540.976,83.4837,73.5
216.154,1.89147,0.0,1.96361,241.371,955.508,244.492,659.024,540.976,83.4837,73.5
216.202,1.89147,1243.21,1.99973,172.624,898.739,301.261,639.483,560.517,83.4837,73.5
216.271,1.88872,208.027,2.03081,128.48,869.966,330.034,627.073,572.927,83.4837,73.5
216.366,1.87307,0.0,2.02235,126.917,869.039,330.961,625.414,574.586,83.4837,73.5
216.455,1.83878,0.0,2.019,126.593,868.931,331.069,624.891,575.109,86.5672,73.5
216.547,1.81009,0.0,2.02667,125.598,867.614,332.386,625.326,574.674,86.5672,68.5
216.636,1.78334,0.0,2.06454,123.347,863.458,336.542,628.489,571.511,86.5672,68.5
216.681,1.77156,0.0,2.06454,123.347,863.458,336.542,628.489,571.511,86.5672,68.5
216.78,1.76179,79.6669,2.16773,76.3129,817.958,382.042,612.928,587.072,86.5672,68.5
216.869,1.71133,0.0,2.22348,78.8193,817.461,382.539,617.901,582.099,86.5672,68.5
216.961,1.75029,0.0,2.22348,78.8193,817.461,382.539,617.901,582.099,85.6141,68.5
217.046,1.75029,0.0,2.21941,77.6898,816.755,383.245,616.963,583.037,85.6141,68.5
217.125,1.74404,0.0,2.21941,77.6898,816.755,383.245,616.963,583.037,85.6141,68.5
217.214,1.74404,0.0,2.21941,77.6898,816.755,383.245,616.963,583.037,85.6141,68.5
217.295,1.74404,0.0,2.21941,77.6898,816.755,383.245,616.963,583.037,83.2314,68.5
217.375,1.74404,1244.03,1.57088,149.93,904.772,295.228,570.044,629.956,83.2314,68.5
217.447,1.45433,14.952,1.57088,149.93,904.772,295.228,570.044,629.956,83.2314,68.5
217.504,1.45433,70.7864,1.57088,149.93,904.772,295.228,570.044,629.956,83.2314,68.5
217.552,1.45433,117.393,1.57088,149.93,904.772,295.228,570.044,629.956,83.2314,68.5
217.665,1.45433,0.0,1.57088,149.93,904.772,295.228,570.044,629.956,83.2314,68.5
217.745,1.45433,0.0,1.57088,149.93,904.772,295.228,570.044,629.956,83.2314,68.5
217.834,1.45433,0.0,1.52944,155.27,909.98,290.02,563.613,636.387,82.2783,68.5
217.91,1.42814,0.0,1.52944,155.27,909.98,290.02,563.613,636.387,82.2783,68.5
217.983,1.42814,0.0,1.52944,155.27,909.98,290.02,563.613,636.387,82.2783,68.5
218.061,1.42814,0.0,1.52944,155.27,909.98,290.02,563.613,636.387,82.2783,68.5
218.135,1.42814,0.0,1.52944,155.27,909.98,290.02,563.613,636.387,82.2783,68.5
218.21,1.42814,0.0,1.52944,155.27,909.98,290.02,563.613,636.387,82.2783,68.5
218.278,1.42814,0.0,1.52944,155.27,909.98,290.02,563.613,636.387,82.2783,68.5
218.346,1.42814,119.073,1.41047,161.602,914.372,285.628,544.233,655.767,80.944,68.5
218.417,1.34692,0.0,1.41047,161.602,914.372,285.628,544.233,655.767,80.944,68.5
218.496,1.34692,0.0,1.41047,161.602,914.372,285.628,544.233,655.767,78.5613,78.5
218.567,1.34692,51.6699,1.47482,158.619,912.731,287.269,554.833,645.167,77.4177,78.5
218.628,1.39125,0.0,1.47482,158.619,912.731,287.269,554.833,645.167,77.4177,78.5
218.696,1.39125,0.0,1.47482,158.619,912.731,287.269,554.833,645.167,77.4177,78.5
218.755,1.39125,0.0,1.47482,158.619,912.731,287.269,554.833,645.167,77.4177,78.5
218.816,1.39125,0.0,1.47482,158.619,912.731,287.269,554.833,645.167,77.4177,78.5
218.871,1.39125,0.0,1.47482,158.619,912.731,287.269,554.833,645.167,77.4177,78.5
218.928,1.39125,0.0,1.47482,158.619,912.731,287.269,554.833,645.167,76.2263,78.5
218.967,1.39125,0.0,1.47482,158.619,912.731,287.269,554.833,645.167,76.2263,78.5
219.022,1.39125,0.0,1.47482,158.619,912.731,287.269,554.833,645.167,76.2263,78.5
219.097,1.39125,0.0,1.47482,158.619,912.731,287.269,554.833,645.167,76.2263,78.5
219.183,1.39125,0.0,1.47482,158.619,912.731,287.269,554.833,645.167,76.2263,78.5
219.259,1.39125,0.0,1.47482,158.619,912.731,287.269,554.833,645.167,76.2263,78.5
219.329,1.39125,0.0,1.47482,158.619,912.731,287.269,554.833,645.167,76.2263,78.5
219.4,1.39125,0.0,1.47482,158.619,912.731,287.269,554.833,645.167,76.2263,78.5
219.468,1.39125,0.0,1.47482,158.619,912.731,287.269,554.833,645.167,73.8436,88.5
219.54,1.39125,1250.75,1.32315,243.331,990.75,209.25,510.387,689.613,73.8436,88.5
219.626,1.29533,0.0,1.32315,243.331,990.75,209.25,510.387,689.613,73.8436,88.5
219.7,1.29533,0.0,1.32315,243.331,990.75,209.25,510.387,689.613,73.8436,88.5
219.783,1.29533,0.0,1.32315,243.331,990.75,209.25,510.387,689.613,73.8436,88.5
219.862,1.29477,0.0,1.32315,243.331,990.75,209.25,510.387,689.613,73.8436,88.5
219.942,1.29479,0.0,1.32315,243.331,990.75,209.25,510.387,689.613,73.8436,88.5
220.017,1.29479,0.0,1.32315,243.331,990.75,209.25,510.387,689.613,73.8436,88.5
220.096,1.29482,0.0,1.32315,243.331,990.75,209.25,510.387,689.613,73.8436,88.5
220.174,0.509426,0.0,1.32315,243.331,990.75,209.25,510.387,689.613,73.8436,81.5
220.251,0.509426,0.0,1.32315,243.331,990.75,209.25,510.387,689.613,73.8436,81.5
220.324,0.509426,0.0,1.32315,243.331,990.75,209.25,510.387,689.613,73.8436,81.5
220.417,0.509426,0.0,1.32315,243.331,990.75,209.25,510.387,689.613,73.8436,81.5
220.512,0.509426,0.0,1.32315,243.331,990.75,209.25,510.387,689.613,73.8436,81.5
220.593,0.509426,0.0,1.32315,243.331,990.75,209.25,510.387,689.613,73.8436,81.5
220.672,0.509426,1320.2,1.99113,197.263,934.934,265.066,650.529,549.471,73.8436,81.5
220.744,0.509426,2356.43,2.77911,285.89,856.218,343.782,837.345,362.655,73.8436,81.5
220.808,0.509426,2847.08,3.11739,425.31,765.136,434.864,995.217,204.783,73.8436,81.5
220.883,0.509426,429.793,-3.08281,465.572,727.49,472.51,1034.8,165.2,73.8436,81.5
220.996,0.509426,339.587,-2.96816,550.374,659.865,540.135,1112.15,87.8507,73.8436,81.5
221.116,0.509426,0.0,-2.97446,552.48,662.935,537.065,1114.81,85.1856,73.8436,81.5
221.2,-3.11502,172.484,-2.97164,541.695,663.224,536.776,1103.92,96.0768,73.8436,81.5
221.273,-3.11502,322.624,-2.96591,521.018,663.78,536.22,1083.03,116.97,73.8436,81.5
221.341,-3.11502,461.51,-2.95718,492.415,664.549,535.451,1054.1,145.902,73.8436,81.5
221.422,-3.11502,600.0,-2.94083,446.593,665.783,534.217,1007.66,192.345,73.8436,81.5
221.512,-3.11502,600.0,-2.91717,393.762,667.211,532.789,953.919,246.081,73.8436,81.5
221.592,-3.11502,600.0,-2.88976,346.52,668.495,531.505,905.622,294.378,73.8436,81.5
221.662,-3.11502,600.0,-2.85923,305.913,669.606,530.394,863.83,336.17,73.8436,81.5
221.719,-3.11502,600.0,-2.82774,273.163,670.509,529.491,829.851,370.149,73.8436,81.5
221.777,-3.11502,0.0,-2.82416,269.897,670.599,529.401,826.445,373.555,73.8436,76.5
221.843,-3.11502,0.0,-2.82416,269.897,670.599,529.401,826.445,373.555,73.8436,76.5
221.882,-3.11502,47.4555,-2.82807,269.583,671.7,528.3,826.474,373.526,73.8436,76.5
221.938,-3.12936,0.0,-2.8281,269.581,671.707,528.293,826.474,373.526,73.8436,76.5
222.01,-3.12945,0.0,-2.83701,268.842,674.218,525.782,826.5,373.5,73.8436,76.5
222.049,3.12103,54.4867,-2.84165,267.802,675.716,524.284,825.877,374.123,73.8436,76.5
222.098,3.10122,0.0,-2.8419,267.731,675.8,524.2,825.829,374.171,73.8436,76.5
222.17,3.10009,39.4602,-2.87792,264.924,685.795,514.205,825.8,374.2,72.8905,76.5
222.214,2.9704,45.189,-2.87597,264.547,685.396,514.604,825.301,374.699,72.8905,76.5
222.271,2.97443,0.0,-2.87514,264.387,685.227,514.773,825.09,374.91,72.8905,76.5
222.346,2.97614,0.0,-2.87514,264.387,685.227,514.773,825.09,374.91,72.8905,76.5
222.408,2.97614,0.0,-2.87514,264.387,685.227,514.773,825.09,374.91,72.8905,76.5
222.474,2.97614,0.0,-2.87514,264.387,685.227,514.773,825.09,374.91,72.8905,76.5
222.539,2.97614,0.0,-2.87514,264.387,685.227,514.773,825.09,374.91,72.8905,76.5
222.597,2.97614,0.0,-2.87514,264.387,685.227,514.773,825.09,374.91,72.8905,76.5
222.663,2.97614,0.0,-2.87514,264.387,685.227,514.773,825.09,374.91,72.8905,76.5
222.728,2.97614,0.0,-2.87514,264.387,685.227,514.773,825.09,374.91,72.8905,73.0
222.791,2.97614,0.0,-2.87514,264.387,685.227,514.773,825.09,374.91,72.8905,73.0
222.851,2.97614,602.943,-2.92636,297.859,691.226,508.774,861.018,338.982,72.8905,73.0
222.912,2.97614,95.9885,-2.93968,308.148,693.046,506.954,871.92,328.08,72.8905,73.0
222.966,2.97614,112.829,-2.9458,313.13,693.925,506.075,877.18,322.82,72.8905,73.0
223.026,2.97614,0.0,-2.9458,313.13,693.925,506.075,877.18,322.82,72.8905,70.0
223.094,2.97614,0.0,-2.9458,313.13,693.925,506.075,877.18,322.82,72.8905,70.0
223.146,2.97614,649.362,-2.90008,276.414,688.733,511.267,838.424,361.576,72.8905,70.0
223.188,2.96215,80.1805,-2.88928,263.309,689.109,510.891,825.004,374.996,72.8905,70.0
223.259,2.96215,0.0,-2.88974,263.191,689.255,510.745,824.92,375.08,72.8905,70.0
223.329,2.96215,0.0,-2.89458,262.525,690.654,509.346,824.589,375.411,72.8905,70.0
223.397,2.90552,0.0,-2.89652,261.475,691.401,508.599,823.695,376.305,72.8905,70.0
223.465,2.90552,0.0,-2.89652,261.475,691.401,508.599,823.695,376.305,72.8905,70.0
223.533,2.90552,0.0,-2.89652,261.475,691.401,508.599,823.695,376.305,72.8905,70.0
223.594,2.90552,0.0,-2.89652,261.475,691.401,508.599,823.695,376.305,72.8905,70.0
223.654,2.90552,0.0,-2.89652,261.475,691.401,508.599,823.695,376.305,72.8905,70.0
223.715,2.90552,0.0,-2.89652,261.475,691.401,508.599,823.695,376.305,72.8905,70.0
223.774,2.90552,0.0,-2.89652,261.475,691.401,508.599,823.695,376.305,72.8905,70.0
223.837,2.89326,0.0,-2.89652,261.475,691.401,508.599,823.695,376.305,72.8905,70.0
223.897,2.89326,0.0,-2.89652,261.475,691.401,508.599,823.695,376.305,70.5079,70.0
223.962,2.89326,1244.43,3.08394,269.162,770.351,429.649,838.747,361.253,70.5079,70.0
224.023,2.30982,28.6746,3.0847,267.76,770.067,429.933,837.359,362.641,70.5079,70.0
224.088,2.30345,51.4141,3.08551,266.296,769.77,430.23,835.909,364.091,70.5079,70.0
224.156,2.29668,114.727,3.08636,264.758,769.458,430.542,834.387,365.613,70.5079,70.0
224.228,2.28944,0.0,3.08685,263.888,769.281,430.719,833.525,366.475,70.5079,70.0
224.31,2.28528,0.0,3.08685,263.888,769.281,430.719,833.525,366.475,70.5079,70.0
224.415,2.28528,0.0,3.08685,263.888,769.281,430.719,833.525,366.475,70.5079,70.0
224.509,2.28528,0.0,3.08685,263.888,769.281,430.719,833.525,366.475,70.5079,70.0
224.632,2.28528,0.0,3.08685,263.888,769.281,430.719,833.525,366.475,70.5079,70.0
224.745,2.28528,0.0,3.08685,263.888,769.281,430.719,833.525,366.475,69.5548,70.0
224.825,2.28528,0.0,3.08685,263.888,769.281,430.719,833.525,366.475,69.5548,70.0
224.903,2.28528,0.0,3.08685,263.888,769.281,430.719,833.525,366.475,69.5548,70.0
224.981,2.28528,0.0,3.08685,263.888,769.281,430.719,833.525,366.475,67.1721,80.0
225.049,2.28528,1240.84,2.81001,296.451,851.348,348.652,850.335,349.665,67.1721,80.0
225.114,2.08365,74.3498,2.81001,296.451,851.348,348.652,850.335,349.665,67.1721,80.0
225.18,2.08365,9.75642,2.81001,296.451,851.348,348.652,850.335,349.665,67.1721,80.0
225.268,2.08365,77.3366,2.81001,296.451,851.348,348.652,850.335,349.665,67.1721,80.0
225.33,2.08365,137.631,2.81001,296.451,851.348,348.652,850.335,349.665,67.1721,80.0
225.391,2.08365,197.831,2.81001,296.451,851.348,348.652,850.335,349.665,67.1721,80.0
225.454,2.08365,36.9246,2.83856,295.178,842.929,357.071,851.761,348.239,66.0284,80.0
225.51,2.11072,0.0,2.83856,295.178,842.929,357.071,851.761,348.239,66.0284,80.0
225.55,2.11072,0.0,2.83856,295.178,842.929,357.071,851.761,348.239,66.0284,80.0
225.606,2.11072,0.0,2.83856,295.178,842.929,357.071,851.761,348.239,66.0284,80.0
225.669,2.11072,0.0,2.83856,295.178,842.929,357.071,851.761,348.239,66.0284,80.0
225.724,2.11072,0.0,2.83856,295.178,842.929,357.071,851.761,348.239,66.0284,80.0
225.784,2.11072,0.0,2.83856,295.178,842.929,357.071,851.761,348.239,66.0284,80.0
225.84,2.11072,0.0,2.83856,295.178,842.929,357.071,851.761,348.239,66.0284,80.0
225.896,2.11072,0.0,2.83856,290.325,842.929,357.071,851.761,348.239,66.0284,80.0
225.935,2.11072,0.0,2.83856,282.741,842.929,357.071,851.761,348.239,66.0284,80.0
225.986,2.11072,0.0,2.83856,272.556,842.929,357.071,851.761,348.239,66.0284,90.0
226.042,2.11072,0.0,2.83856,261.371,842.929,357.071,851.761,348.239,66.0284,85.0
226.1,2.11072,211.942,2.77756,238.595,853.336,346.664,836.308,363.692,62.3114,85.0
226.161,2.01774,45.8386,2.74024,224.0,860.243,339.757,830.963,369.037,61.3583,85.0
226.21,1.97955,468.292,2.82068,198.045,839.073,360.927,821.814,378.186,61.3583,85.0
226.255,1.97965,194.301,2.86874,181.585,828.339,371.662,817.174,382.826,61.3583,85.0
226.287,1.97971,48.5415,2.87586,174.017,826.875,373.125,816.542,383.458,61.3583,85.0
226.325,1.97971,0.0,2.87586,166.54,826.875,373.125,816.542,383.458,61.3583,85.0
226.383,1.97971,0.0,2.87586,154.948,826.875,373.125,816.542,383.458,61.3583,85.0
226.441,1.97971,0.0,2.87586,143.356,826.875,373.125,816.542,383.458,61.3583,85.0
226.496,1.97971,0.0,2.89275,132.927,826.875,373.125,816.542,383.458,61.3583,85.0
226.551,1.97971,0.0,2.89964,122.079,826.875,373.125,816.542,383.458,61.3583,85.0
226.605,1.97971,0.0,2.89964,122.079,826.875,373.125,816.542,383.458,61.3583,85.0
226.66,1.97971,0.0,2.89964,122.079,826.875,373.125,816.542,383.458,61.3583,85.0
226.72,1.97971,173.574,2.99797,133.3,816.704,383.296,829.946,370.054,60.167,85.0
226.772,2.07899,0.0,3.00485,134.213,815.921,384.079,830.979,369.021,60.167,85.0
226.83,2.08678,90.2351,2.99851,125.907,815.58,384.421,822.639,377.361,59.2139,85.0
226.889,2.04261,0.0,2.99851,125.907,815.58,384.421,822.639,377.361,59.2139,85.0
226.94,2.04261,0.0,2.99851,125.907,815.58,384.421,822.639,377.361,59.2139,85.0
226.99,2.04261,0.0,2.99851,125.907,815.58,384.421,822.639,377.361,59.2139,85.0
227.039,2.04261,0.0,2.99851,125.907,815.58,384.421,822.639,377.361,56.8312,85.0
227.087,2.04261,1247.09,2.61274,152.92,874.78,325.22,830.048,369.952,56.8312,85.0
227.138,1.94912,498.912,2.63359,177.232,883.837,316.163,852.87,347.13,55.8781,85.0
227.189,2.02519,0.0,2.63359,177.232,883.837,316.163,852.87,347.13,55.8781,85.0
227.239,2.02519,0.0,2.63359,177.232,883.837,316.163,852.87,347.13,55.8781,85.0
227.29,2.02519,0.0,2.63359,177.232,883.837,316.163,852.87,347.13,55.8781,85.0
227.341,2.02519,0.0,2.63359,177.232,883.837,316.163,852.87,347.13,55.8781,85.0
227.395,2.02519,0.0,2.63359,177.232,883.837,316.163,852.87,347.13,55.8781,85.0
227.465,2.02519,0.0,2.63359,177.232,883.837,316.163,852.87,347.13,55.8781,85.0
227.525,2.02519,0.0,2.63359,177.232,883.837,316.163,852.87,347.13,55.8781,85.0
227.585,2.02519,0.0,2.63359,177.232,883.837,316.163,852.87,347.13,55.8781,85.0
227.642,2.02519,0.0,2.63359,177.232,883.837,316.163,852.87,347.13,55.8781,85.0
227.718,1.23979,0.0,2.63359,177.232,883.837,316.163,852.87,347.13,55.8781,78.0
227.779,1.23979,0.0,2.63359,177.232,883.837,316.163,852.87,347.13,55.8781,78.0
227.832,1.23979,0.0,2.63359,177.232,883.837,316.163,852.87,347.13,55.8781,78.0
227.887,1.23979,0.0,2.63359,177.232,883.837,316.163,852.87,347.13,55.8781,78.0
227.938,1.23979,0.0,2.63359,177.232,883.837,316.163,852.87,347.13,55.8781,78.0
227.996,1.23979,0.0,2.63359,177.232,883.837,316.163,852.87,347.13,55.8781,78.0
228.06,1.23979,0.0,2.63359,177.232,883.837,316.163,852.87,347.13,55.8781,78.0
228.145,1.23979,120.313,2.73314,186.323,871.631,328.369,869.013,330.987,55.8781,78.0
228.221,1.23979,1643.91,-2.88955,241.755,737.335,462.665,932.134,267.866,55.8781,78.0
228.29,1.23979,2747.72,-2.48793,405.868,550.817,649.183,1020.22,179.78,55.8781,78.0
228.352,1.23979,2754.13,-2.31019,554.48,387.934,812.066,1071.65,128.349,55.8781,78.0
228.436,1.23979,287.556,-2.26212,591.481,341.946,858.054,1075.12,124.881,55.8781,78.0
228.509,1.23979,994.948,-2.19163,667.583,254.617,945.383,1086.36,113.641,55.8781,78.0
228.586,1.23979,131.709,-2.17721,686.073,233.881,966.119,1089.03,110.973,55.8781,78.0
228.649,1.23979,0.0,-2.17683,686.581,233.313,966.687,1089.1,110.899,55.8781,78.0
228.716,1.23979,0.0,-2.17683,686.581,233.313,966.687,1089.1,110.899,55.8781,78.0
228.788,-2.22857,146.991,-2.17622,678.68,239.574,960.426,1084.26,115.737,55.8781,78.0
228.85,-2.22857,275.709,-2.17501,663.395,251.687,948.313,1074.91,125.094,55.8781,78.0
228.913,-2.22857,402.97,-2.17309,640.366,269.938,930.062,1060.81,139.194,55.8781,78.0
228.977,-2.22857,534.399,-2.17015,608.232,295.409,904.591,1041.13,158.871,55.8781,78.0
229.045,-2.22857,600.0,-2.16595,567.489,327.71,872.29,1016.17,183.826,55.8781,78.0
229.113,-2.22857,600.0,-2.16106,526.446,360.259,839.741,991.029,208.97,55.8781,78.0
229.182,-2.22857,600.0,-2.15534,485.33,392.877,807.123,965.831,234.169,55.8781,78.0
229.265,-2.22857,200.0,-2.14009,470.532,401.305,798.695,951.653,248.347,55.8781,78.0
229.355,-2.20743,200.0,-2.11277,457.978,405.28,794.72,934.258,265.742,55.8781,78.0
229.44,-2.16198,0.0,-2.11161,446.409,405.416,794.584,933.567,266.433,55.8781,73.0
229.534,-2.1599,0.0,-2.11161,427.506,405.416,794.584,933.567,266.433,55.8781,73.0
229.571,-2.1599,1151.82,-2.10784,377.193,441.432,758.568,910.282,289.718,55.8781,73.0
229.653,-2.16375,200.774,-2.11051,318.677,478.11,721.89,889.435,310.565,55.8781,73.0
229.737,-2.1927,0.0,-2.11424,300.384,479.94,720.06,889.642,310.358,55.8781,73.0
229.773,-2.20398,37.1811,-2.11549,292.979,480.335,719.665,889.832,310.168,55.8781,73.0
229.84,-2.20772,0.0,-2.11442,279.154,480.515,719.485,889.373,310.627,55.8781,73.0
229.906,-2.2063,69.0681,-2.10991,264.89,480.845,719.155,887.778,312.222,55.8781,73.0
229.95,-2.19671,0.0,-2.10991,256.074,480.845,719.155,887.778,312.222,55.8781,73.0
230.017,-2.19671,42.4598,-2.09524,242.782,480.056,719.944,884.241,315.759,55.8781,68.0
230.096,-2.16548,0.0,-2.09083,242.397,480.056,719.944,884.241,315.759,55.8781,68.0
230.131,-2.16548,0.0,-2.08912,242.362,480.056,719.944,884.241,315.759,55.8781,68.0
230.205,-2.16548,33.1701,-2.05285,213.236,501.995,698.005,863.758,336.242,55.8781,68.0
230.285,-2.07683,1153.4,-2.42145,225.682,541.753,658.247,935.371,264.629,53.4954,68.0
230.317,-2.89983,720.235,-2.44187,208.988,556.304,643.696,926.562,273.438,53.4954,68.0
230.389,-3.01984,674.674,-2.49206,171.447,588.835,611.165,906.868,293.132,53.4954,68.0
230.472,2.89247,627.271,-2.57661,127.653,626.825,573.175,883.868,316.132,53.4954,68.0
230.559,2.34422,586.265,-2.80947,88.8258,666.209,533.791,860.025,339.975,53.4954,68.0
230.625,1.89745,561.779,3.12735,65.877,696.109,503.891,841.923,358.077,53.4954,68.0
230.686,1.68783,125.807,3.12735,65.877,696.109,503.891,841.923,358.077,53.4954,68.0
230.747,1.68783,65.5423,3.12735,65.877,696.109,503.891,841.923,358.077,53.4954,68.0
230.808,1.68783,5.70622,3.12735,65.877,696.109,503.891,841.923,358.077,53.4954,68.0
230.867,1.68783,51.8075,3.12735,65.877,696.109,503.891,841.923,358.077,53.4954,68.0
230.904,1.68783,87.7486,3.12735,65.877,696.109,503.891,841.923,358.077,53.4954,68.0
230.949,1.68783,131.741,3.12735,65.877,696.109,503.891,841.923,358.077,53.4954,68.0
231.027,1.68783,207.992,3.12735,65.877,696.109,503.891,841.923,358.077,52.5424,68.0
231.104,1.68783,284.332,3.12735,65.877,696.109,503.891,841.923,358.077,51.5893,68.0
231.155,1.68783,290.029,3.12735,72.5927,696.204,503.796,848.638,351.362,51.5893,68.0
231.186,1.73925,274.858,3.12735,74.1259,696.226,503.774,850.171,349.829,51.5893,68.0
231.265,1.75086,331.135,3.12735,79.0636,696.296,503.704,855.108,344.892,51.5893,68.0
231.347,1.78789,404.756,3.12735,79.0636,696.296,503.704,855.108,344.892,51.5893,68.0
231.414,1.78789,471.285,3.12735,79.0636,696.296,503.704,855.108,344.892,51.5893,68.0
231.492,1.78789,0.0,3.12735,79.0636,696.296,503.704,855.108,344.892,51.5893,68.0
231.545,1.78789,0.0,3.12077,76.8487,696.771,503.229,852.885,347.115,50.6362,68.0
231.577,1.77051,0.0,3.12077,76.8487,696.771,503.229,852.885,347.115,50.6362,68.0
231.655,1.77051,0.0,3.12077,76.8487,696.771,503.229,852.885,347.115,50.6362,68.0
231.724,1.77051,0.0,3.12077,76.8487,696.771,503.229,852.885,347.115,50.6362,68.0
231.761,1.77051,0.0,3.12077,76.8487,696.771,503.229,852.885,347.115,50.6362,68.0
231.854,1.77051,87.5848,2.85975,95.4628,721.721,478.279,867.749,332.251,48.5394,68.0
231.947,1.83121,0.0,2.85975,95.4628,721.721,478.279,867.749,332.251,48.5394,68.0
231.999,1.83121,0.0,2.85975,95.4628,721.721,478.279,867.749,332.251,48.5394,78.0
232.087,1.83121,0.0,2.85975,95.4628,721.721,478.279,867.749,332.251,48.5394,78.0
232.15,1.83121,0.0,2.85975,95.4628,721.721,478.279,867.749,332.251,48.5394,78.0
232.2,1.83121,147.175,2.87409,104.423,722.772,477.228,876.762,323.238,47.3004,78.0
232.302,1.88328,0.0,2.87409,104.423,722.772,477.228,876.762,323.238,47.3004,78.0
232.345,1.88328,0.0,2.87409,104.423,722.772,477.228,876.762,323.238,47.3004,78.0
232.414,1.88328,0.0,2.87409,104.423,722.772,477.228,876.762,323.238,47.3004,78.0
232.489,1.88328,104.429,2.82736,122.508,733.035,466.965,892.562,307.438,45.9661,78.0
232.558,1.95039,0.0,2.82736,122.508,733.035,466.965,892.562,307.438,45.9661,78.0
232.665,1.95039,0.0,2.85234,125.689,731.022,468.978,896.52,303.48,42.4398,78.0
232.761,1.97541,1236.03,2.45817,222.588,835.724,364.276,948.651,251.349,42.4398,78.0
232.852,1.99824,50.214,2.45817,222.588,835.724,364.276,948.651,251.349,42.4398,78.0
232.94,1.99824,35.961,2.45817,222.588,835.724,364.276,948.651,251.349,42.4398,78.0
233.063,1.99824,156.487,2.45817,222.588,835.724,364.276,948.651,251.349,42.4398,88.0
233.151,1.99824,0.0,2.45817,222.588,835.724,364.276,948.651,251.349,42.4398,88.0
233.233,1.99824,0.0,2.45817,222.588,835.724,364.276,948.651,251.349,42.4398,88.0
233.312,1.99824,0.0,2.45817,222.588,835.724,364.276,948.651,251.349,42.4398,84.5
233.379,1.99824,0.0,2.45817,222.588,835.724,364.276,948.651,251.349,42.4398,84.5
233.446,1.99824,552.286,2.60685,243.11,819.063,380.937,985.225,214.775,42.4398,84.5
233.514,2.13426,255.067,2.67184,255.197,810.689,389.311,1003.61,196.393,42.4398,84.5
233.583,2.20107,0.0,2.67968,256.813,809.621,390.379,1005.95,194.047,42.4398,84.5
233.647,2.20947,0.0,2.67968,256.813,809.621,390.379,1005.95,194.047,42.4398,84.5
233.709,2.20947,0.0,2.67968,256.813,809.621,390.379,1005.95,194.047,42.4398,84.5
233.77,1.41639,0.0,2.67968,256.813,809.621,390.379,1005.95,194.047,42.4398,77.5
233.834,1.41639,0.0,2.67968,256.813,809.621,390.379,1005.95,194.047,42.4398,77.5
233.896,1.41639,0.0,2.67968,256.813,809.621,390.379,1005.95,194.047,42.4398,77.5
233.957,1.41639,0.0,2.67968,256.813,809.621,390.379,1005.95,194.047,42.4398,77.5
234.012,1.41639,0.0,2.67968,256.813,809.621,390.379,1005.95,194.047,42.4398,77.5
234.076,1.41639,0.0,2.67968,256.813,809.621,390.379,1005.95,194.047,42.4398,77.5
234.145,1.41639,0.0,2.67968,256.813,809.621,390.379,1005.95,194.047,42.4398,77.5
234.21,1.41639,504.738,2.80542,259.748,780.854,419.146,1021.26,178.739,42.4398,77.5
234.284,1.41639,529.093,3.06335,263.537,715.77,484.23,1038.78,161.217,42.4398,77.5
234.382,1.41639,1108.39,-2.67706,347.152,539.644,660.356,1086.42,113.583,42.4398,77.5
234.482,1.41639,1910.93,-2.18574,462.878,317.089,882.911,1043.09,156.907,42.4398,77.5
234.553,1.41639,2717.78,-1.98421,622.569,125.05,1074.95,1026.16,173.838,42.4398,77.5
234.632,1.41639,77.4395,-1.97234,636.461,109.333,1090.67,1024.81,175.194,42.4398,77.5
234.723,1.41639,0.0,-1.97234,636.461,109.333,1090.67,1024.81,175.194,42.4398,77.5
234.795,1.41639,0.0,-1.97234,636.461,109.333,1090.67,1024.81,175.194,42.4398,77.5
234.869,-1.72686,150.831,-1.96553,629.33,114.237,1085.76,1018.07,181.929,42.4398,77.5
234.937,-1.71426,200.0,-1.95396,617.707,122.314,1077.69,1007.16,192.843,42.4398,77.5
235.004,-1.69256,200.0,-1.94237,606.203,130.461,1069.54,996.508,203.492,42.4398,77.5
235.079,-1.66984,200.0,-1.92938,593.204,139.878,1060.12,984.741,215.259,42.4398,77.5
235.158,-1.64264,200.0,-1.91591,579.454,150.085,1049.92,972.646,227.354,42.4398,77.5
235.256,-1.61198,200.0,-1.89961,562.222,163.228,1036.77,958.053,241.947,42.4398,77.5
235.34,-1.57026,200.0,-1.88625,547.394,174.846,1025.15,946.06,253.94,42.4398,77.5
235.421,-1.53135,0.0,-1.88634,546.537,175.503,1024.5,945.389,254.611,42.4398,72.5
235.502,-1.52896,0.0,-1.88657,536.361,175.503,1024.5,945.389,254.611,42.4398,72.5
235.56,-1.52896,1097.05,-1.93672,466.096,239.06,960.94,949.208,250.792,42.4398,72.5
235.624,-1.53474,176.582,-1.96047,432.557,262.254,937.746,951.317,248.683,42.4398,72.5
235.688,-1.54249,102.419,-1.97044,416.657,266.701,933.299,953.985,246.015,42.4398,72.5
235.747,-1.55979,0.0,-1.97044,404.693,266.701,933.299,953.985,246.015,42.4398,72.5
235.786,-1.55979,37.9803,-1.97059,396.814,266.952,933.048,953.941,246.059,42.4398,72.5
235.845,-1.55942,0.0,-1.9701,384.233,267.492,932.508,953.509,246.491,42.4398,72.5
235.906,-1.55596,70.503,-1.96764,369.909,269.049,930.951,951.865,248.135,42.4398,67.5
235.947,-1.54262,0.0,-1.96764,361.743,269.049,930.951,951.865,248.135,42.4398,67.5
236.019,-1.54262,0.0,-1.96764,347.304,269.049,930.951,951.865,248.135,42.4398,67.5
236.116,-1.54262,156.127,-2.00601,302.651,300.861,899.139,951.281,248.719,42.4398,67.5
236.159,-1.52674,121.237,-2.01846,277.528,317.288,882.712,947.453,252.547,40.0571,67.5
236.23,-1.46771,1246.78,-2.0884,349.698,250.704,949.296,1006.53,193.465,40.0571,67.5
236.343,-1.91372,0.0,-2.09444,325.957,255.327,944.673,1006.76,193.241,40.0571,67.5
236.44,-1.92567,0.0,-2.09444,306.686,255.327,944.673,1006.76,193.241,40.0571,67.5
236.53,-1.92567,0.0,-2.09444,288.672,255.327,944.673,1006.76,193.241,40.0571,67.5
236.655,-1.92567,0.0,-2.08953,270.422,255.327,944.673,1006.76,193.241,40.0571,67.5
236.743,-1.92567,0.0,-2.08412,258.77,255.327,944.673,1006.76,193.241,40.0571,67.5
236.803,-1.92567,0.0,-2.08412,246.868,255.327,944.673,1006.76,193.241,40.0571,67.5
236.908,-1.92567,150.0,-2.00457,233.03,250.689,949.311,994.244,205.756,40.0571,67.5
237.014,-1.83564,150.0,-1.92632,211.801,246.183,953.817,979.0,220.999,40.0571,67.5
237.123,-1.72925,150.0,-1.88096,202.068,243.134,956.866,962.87,237.13,40.0571,67.5
237.234,-1.62038,150.0,-1.84441,190.806,241.828,958.172,946.354,253.646,37.6744,67.5
237.299,-1.5115,1246.63,-2.00616,260.237,181.565,1018.44,1000.95,199.054,37.6744,67.5
237.425,-1.7821,89.6835,-2.0319,252.381,181.565,1018.44,1000.95,199.054,37.6744,67.5
237.481,-1.7821,0.0,-2.03273,252.077,181.565,1018.44,1000.95,199.054,37.6744,67.5
237.613,-1.7821,0.0,-2.03273,252.077,181.565,1018.44,1000.95,199.054,37.6744,67.5
237.725,-1.7821,0.0,-2.03273,252.077,181.565,1018.44,1000.95,199.054,37.6744,67.5
237.837,-1.7821,0.0,-2.03273,252.077,181.565,1018.44,1000.95,199.054,36.7213,67.5
237.962,-1.7821,0.0,-2.03273,252.077,181.565,1018.44,1000.95,199.054,36.7213,77.5
238.054,-1.7821,0.0,-2.03273,252.077,181.565,1018.44,1000.95,199.054,36.7213,77.5
238.224,-1.7821,0.0,-2.03273,252.077,181.565,1018.44,1000.95,199.054,36.7213,77.5
238.309,-1.7821,0.0,-2.03273,252.077,181.565,1018.44,1000.95,199.054,36.7213,77.5
238.403,-2.56749,0.0,-2.03273,252.077,181.565,1018.44,1000.95,199.054,36.7213,70.5
238.504,-2.56749,0.0,-2.03273,252.077,181.565,1018.44,1000.95,199.054,36.7213,70.5
238.638,-2.56749,0.0,-2.03273,252.077,181.565,1018.44,1000.95,199.054,36.7213,70.5
238.701,-2.56749,0.0,-2.03273,252.077,181.565,1018.44,1000.95,199.054,36.7213,70.5
238.788,-2.56749,0.0,-2.03273,252.077,181.565,1018.44,1000.95,199.054,36.7213,70.5
238.908,-2.56749,269.059,-1.7117,188.196,220.891,979.109,915.032,284.968,36.7213,70.5
239.005,-2.56749,872.091,-0.55298,179.693,312.288,887.712,733.927,466.073,36.7213,70.5
239.084,-2.56749,4524.92,0.246608,470.897,517.484,682.516,420.009,779.991,36.7213,70.5
239.206,-2.56749,741.672,0.445183,661.235,693.256,506.744,256.106,943.894,36.7213,70.5
239.275,-2.56749,356.559,0.460822,671.785,713.161,486.839,238.785,961.215,36.7213,70.5
239.379,-2.56749,0.0,0.462243,653.17,714.985,485.015,237.198,962.802,36.7213,70.5
239.482,0.420345,200.0,0.479386,622.907,720.164,479.836,250.748,949.252,36.7213,70.5
239.554,0.433556,0.0,0.481142,607.543,720.673,479.327,252.082,947.918,36.7213,67.5
239.616,0.433556,0.0,0.483849,596.74,720.673,479.327,252.082,947.918,36.7213,67.5
239.664,0.433556,374.673,0.494568,573.541,713.574,486.426,268.52,931.48,36.7213,67.5
239.738,0.433556,192.06,0.510141,532.838,701.023,498.977,296.184,903.816,36.7213,67.5
239.81,0.433556,178.137,0.513424,503.684,690.014,509.986,309.395,890.605,36.7213,67.5
239.876,0.433556,73.1949,0.515013,489.383,687.84,512.16,310.183,889.817,36.7213,67.5
239.934,0.433556,0.0,0.515351,477.691,687.84,512.16,310.183,889.817,36.7213,67.5
239.99,0.433556,58.7009,0.517115,465.687,688.099,511.901,311.392,888.608,36.7213,67.5
240.047,0.428367,167.106,0.522365,447.051,686.591,513.409,318.791,881.209,36.7213,67.5
240.108,0.431004,111.266,0.53081,431.836,688.261,511.739,323.199,876.801,36.7213,67.5
240.168,0.435509,157.594,0.535877,412.771,686.419,513.581,330.469,869.531,36.7213,67.5
240.227,0.436619,279.524,0.541805,386.089,680.87,519.13,344.295,855.705,36.7213,67.5
240.281,0.436406,389.25,0.548771,356.129,673.072,526.928,362.061,837.939,36.7213,67.5
240.337,0.436591,504.055,0.559022,318.48,662.059,537.941,386.332,813.668,36.7213,67.5
240.392,0.435034,600.0,0.57379,275.936,648.758,551.242,415.277,784.723,36.7213,67.5
240.447,0.433618,600.0,0.593779,232.394,634.959,565.041,445.185,754.815,36.7213,67.5
240.53,0.431486,17.9139,0.600733,206.872,631.203,568.797,453.319,746.681,36.7213,62.5
240.582,0.422036,0.0,0.600733,196.505,631.203,568.797,453.319,746.681,36.7213,62.5
240.635,0.419893,1129.16,0.675177,128.178,606.158,593.842,506.736,693.264,34.3386,62.5
240.671,0.422684,1246.84,0.576767,171.899,620.673,579.327,463.442,736.558,34.3386,62.5
240.7,0.414608,248.489,0.571599,164.842,616.109,583.891,468.895,731.105,34.3386,62.5
240.767,0.412322,28.8034,0.566147,158.003,611.684,588.316,474.182,725.818,34.3386,62.5
240.836,0.41478,0.0,0.566147,158.003,611.684,588.316,474.182,725.818,34.3386,62.5
240.869,0.42369,0.0,0.566147,158.003,611.684,588.316,474.182,725.818,34.3386,62.5
240.91,0.428324,0.0,0.566147,158.003,611.684,588.316,474.182,725.818,34.3386,62.5
240.981,0.434782,0.0,0.566147,158.003,611.684,588.316,474.182,725.818,34.3386,62.5
241.024,0.446846,0.0,0.566147,158.003,611.684,588.316,474.182,725.818,34.3386,62.5
241.052,0.455123,0.0,0.566147,158.003,611.684,588.316,474.182,725.818,34.3386,62.5
241.104,0.460071,0.0,0.566147,158.003,611.684,588.316,474.182,725.818,34.3386,62.5
241.173,0.470771,0.0,0.566147,158.003,611.684,588.316,474.182,725.818,34.3386,62.5
241.214,0.486681,0.0,0.566147,158.003,611.684,588.316,474.182,725.818,34.3386,62.5
241.246,0.496751,0.0,0.566147,158.003,611.684,588.316,474.182,725.818,34.3386,62.5
241.312,0.504467,0.0,0.566147,158.003,611.684,588.316,474.182,725.818,34.3386,57.5
241.376,0.521514,0.0,0.566147,158.003,611.684,588.316,474.182,725.818,34.3386,57.5
241.416,0.537793,428.86,0.577305,141.243,604.019,595.981,489.18,710.82,34.3386,57.5
241.488,0.551684,185.734,0.603687,110.036,589.399,610.601,516.946,683.054,31.9559,57.5
241.544,0.574238,1243.03,0.48399,177.013,609.3,590.7,450.851,749.149,31.9559,57.5
241.581,0.518814,599.138,0.477904,155.497,598.449,601.551,469.458,730.542,31.9559,57.5
241.673,0.518143,591.468,0.450918,101.069,570.978,629.022,516.566,683.434,31.9559,57.5
241.74,0.519974,85.6195,0.406019,77.0245,557.354,642.646,536.77,663.23,31.9559,57.5
241.784,0.51453,120.291,0.371275,77.1231,554.914,645.086,535.665,664.335,31.9559,57.5
241.881,0.503991,35.1549,0.299137,77.6283,549.81,650.19,533.352,666.648,31.9559,57.5
241.932,0.482886,0.0,0.299137,77.6283,549.81,650.19,533.352,666.648,31.9559,57.5
241.975,0.485893,0.0,0.299137,77.6283,549.81,650.19,533.352,666.648,31.9559,57.5
242.074,0.488367,0.0,0.299137,77.6283,549.81,650.19,533.352,666.648,31.9559,57.5
242.131,0.493988,116.413,0.36256,76.8219,554.18,645.82,535.705,664.295,31.9559,57.5
242.2,0.519853,149.973,0.498248,76.0197,563.262,636.738,540.756,659.244,31.9559,57.5
242.28,0.570118,150.0,0.654557,76.6639,573.607,626.393,546.714,653.286,31.9559,57.5
242.318,0.624092,150.0,0.729208,77.2724,578.418,621.582,549.911,650.089,31.9559,57.5
242.418,0.648785,0.0,0.729208,77.2724,578.418,621.582,549.911,650.089,31.9559,52.5
242.478,0.635584,0.0,0.729208,77.2724,578.418,621.582,549.911,650.089,29.5732,52.5
242.565,0.626784,1239.32,0.435968,178.866,602.466,597.534,445.398,754.602,29.5732,52.5
242.65,0.488519,623.204,0.324019,129.02,568.01,631.99,485.227,714.773,29.5732,52.5
242.682,0.443336,95.281,0.309229,126.673,565.483,634.517,486.868,713.132,29.5732,52.5
242.769,0.436764,86.5788,0.305312,126.231,564.877,635.123,487.139,712.861,29.5732,52.5
242.806,0.434112,122.721,0.30634,125.981,564.925,635.075,487.417,712.583,29.5732,52.5
242.842,0.434358,171.443,0.318282,124.081,565.763,634.237,489.684,710.316,29.5732,52.5
242.922,0.437701,83.0795,0.339208,145.377,575.306,624.694,470.44,729.56,28.6201,52.5
242.979,0.436937,66.7407,0.351468,144.316,576.618,623.382,472.039,727.961,28.6201,52.5
243.01,0.442881,0.0,0.352478,144.23,576.725,623.275,472.17,727.83,28.6201,52.5
243.073,0.441711,0.0,0.352478,144.23,576.725,623.275,472.17,727.83,28.6201,52.5
243.134,0.426843,0.0,0.352478,144.23,576.725,623.275,472.17,727.83,28.6201,52.5
243.172,0.417833,0.0,0.352478,144.23,576.725,623.275,472.17,727.83,28.6201,52.5
243.207,0.416056,0.0,0.352478,144.23,576.725,623.275,472.17,727.83,28.6201,52.5
243.267,0.411827,0.0,0.352478,144.23,576.725,623.275,472.17,727.83,28.6201,47.5
243.324,0.397544,0.0,0.352478,144.23,576.725,623.275,472.17,727.83,28.6201,47.5
243.356,0.392298,775.146,0.335878,119.86,566.439,633.561,494.37,705.63,28.6201,47.5
243.396,0.38689,660.849,0.313639,89.917,555.218,644.782,522.934,677.066,28.6201,47.5
243.465,0.394451,21.621,0.269224,76.9948,547.998,652.002,534.266,665.734,28.6201,42.5
243.522,0.386694,85.524,0.220953,76.4677,544.277,655.723,533.879,666.121,26.2375,42.5
243.559,0.368623,1235.28,0.179308,121.764,549.235,650.765,488.676,711.324,26.2375,42.5
243.598,0.310372,683.517,0.141809,95.6834,541.042,658.958,513.764,686.236,26.2375,42.5
243.664,0.316406,275.252,0.130645,77.839,537.659,662.341,531.312,668.688,26.2375,42.5
243.72,0.316406,5.66787,0.129509,76.0973,537.346,662.654,533.027,666.973,26.2375,42.5
243.77,0.316406,54.703,0.128463,76.0974,537.268,662.732,533.017,666.983,26.2375,42.5
243.818,0.316406,101.85,0.12746,76.0975,537.192,662.808,533.007,666.993,26.2375,42.5
243.865,0.316406,147.917,0.126481,76.0977,537.118,662.882,532.997,667.003,26.2375,42.5
243.913,0.316406,0.0,0.125717,76.0979,537.06,662.94,532.99,667.01,26.2375,42.5
243.951,0.316406,0.0,0.125717,76.0979,537.06,662.94,532.99,667.01,26.2375,42.5
243.99,0.316406,0.0,0.125717,76.0979,537.06,662.94,532.99,667.01,26.2375,42.5
244.033,0.316406,0.0,0.125717,76.0979,537.06,662.94,532.99,667.01,26.2375,42.5
244.077,0.316406,0.0,0.125717,76.0979,537.06,662.94,532.99,667.01,26.2375,42.5
244.118,0.472705,84.635,0.166513,77.6473,540.388,659.612,531.914,668.086,26.2375,42.5
244.157,0.536846,165.481,0.240032,80.6353,546.688,653.312,530.164,669.836,26.2375,42.5
244.198,0.558226,248.573,0.344151,85.8221,556.475,643.525,527.698,672.302,26.2375,42.5
244.245,0.558226,300.0,0.469186,94.2632,570.141,629.859,524.41,675.59,26.2375,42.5
244.297,0.524629,300.0,0.58105,105.131,585.226,614.774,520.609,679.391,26.2375,42.5
244.342,0.494085,300.0,0.658891,115.774,598.4,601.6,516.948,683.052,26.2375,42.5
244.388,0.658891,45.1349,0.66629,167.44,631.009,568.991,476.859,723.141,26.2375,42.5
244.438,0.658891,0.0,0.66629,167.44,631.009,568.991,476.859,723.141,26.2375,42.5
244.486,0.658891,73.1685,0.670337,164.832,629.921,570.079,479.322,720.677,26.2375,42.5
244.529,0.658891,95.6615,0.677285,158.803,627.037,572.963,484.736,715.264,26.2375,42.5
244.574,0.658891,487.188,0.697982,137.204,615.696,584.304,503.37,696.63,26.2375,42.5
244.614,0.658891,347.891,0.70818,118.973,604.905,595.095,518.122,681.878,26.2375,42.5
244.657,0.658891,815.385,0.705111,83.4579,581.609,618.391,544.931,655.069,26.2375,42.5
244.704,0.658891,0.0,0.691243,76.9984,576.605,623.395,549.164,650.836,26.2375,42.5
244.761,0.658891,94.5511,0.634503,76.9806,573.151,626.849,546.49,653.51,26.2375,42.5
244.809,0.658891,17.5592,0.633376,76.1474,572.588,627.412,547.11,652.89,26.2375,42.5
244.854,0.658891,51.0415,0.618087,76.1561,571.649,628.351,546.421,653.579,26.2375,42.5
244.9,0.658891,0.0,0.618087,76.1561,571.649,628.351,546.421,653.579,26.2375,42.5
244.952,0.658891,90.167,0.567711,76.2506,568.519,631.481,544.198,655.802,26.2375,42.5
244.999,0.658891,0.0,0.566601,76.2506,568.448,631.552,544.152,655.848,26.2375,42.5
245.044,0.658891,75.3364,0.53045,76.2992,566.12,633.88,542.673,657.327,26.2375,42.5
245.091,0.658891,0.0,0.53045,76.2992,566.12,633.88,542.673,657.327,26.2375,42.5
245.139,0.658891,41.6933,0.490855,76.3577,563.512,636.488,541.145,658.855,26.2375,42.5
245.189,0.658891,27.5259,0.523643,76.3974,565.72,634.28,542.327,657.673,26.2375,42.5
245.234,0.658891,101.154,0.577076,76.5017,569.256,630.744,544.374,655.626,26.2375,42.5
245.28,0.658891,0.0,0.577076,76.5017,569.256,630.744,544.374,655.626,26.2375,42.5
245.326,0.658891,45.9428,0.582699,76.2336,569.469,630.531,544.834,655.166,26.2375,42.5
245.373,0.658891,0.0,0.582699,76.2336,569.469,630.531,544.834,655.166,26.2375,42.5
245.423,0.658891,51.315,0.573007,76.0836,568.768,631.232,544.556,655.444,26.2375,52.5
245.467,0.658891,0.0,0.572352,76.0835,568.726,631.274,544.529,655.471,26.2375,52.5
245.507,0.658891,42.4196,0.563354,76.0861,568.151,631.849,544.159,655.841,26.2375,52.5
245.551,0.658891,0.0,0.562898,76.0861,568.121,631.879,544.14,655.86,26.2375,52.5
245.594,0.658891,41.681,0.561574,76.0861,568.036,631.964,544.087,655.913,26.2375,52.5
245.637,0.658891,0.0,0.561564,76.0861,568.035,631.965,544.086,655.914,26.2375,52.5
245.68,0.658891,44.503,0.552777,76.0889,567.469,632.531,543.73,656.27,26.2375,52.5
245.725,0.658891,0.0,0.552777,76.0889,567.469,632.531,543.73,656.27,26.2375,52.5
245.767,0.658891,50.3299,0.537157,76.0982,566.458,633.542,543.106,656.894,26.2375,52.5
245.811,0.658891,0.0,0.537157,76.0982,566.458,633.542,543.106,656.894,26.2375,52.5
245.849,0.658891,58.3392,0.514625,76.1165,564.984,635.016,542.23,657.77,26.2375,47.5
245.893,0.658891,0.0,0.510412,76.1242,564.708,635.292,542.066,657.934,26.2375,47.5
245.941,0.658891,0.0,0.510412,76.1242,564.708,635.292,542.066,657.934,26.2375,47.5
245.97,0.658891,0.0,0.510412,76.1242,564.708,635.292,542.066,657.934,26.2375,47.5
246.021,0.658891,105.822,0.448681,76.2684,560.602,639.398,539.768,660.232,26.2375,47.5
246.088,0.658891,0.0,0.44382,76.2687,560.268,639.732,539.608,660.392,26.2375,47.5
246.149,0.658891,44.366,0.398779,76.2948,557.143,642.857,538.179,661.821,26.2375,47.5
246.179,0.658891,32.4584,0.394072,76.209,556.779,643.221,538.119,661.881,26.2375,47.5
246.23,0.658891,0.0,0.393256,76.0662,556.667,643.333,538.227,661.773,26.2375,47.5
246.291,0.658891,0.0,0.395351,76.0451,556.806,643.194,538.308,661.692,26.2375,47.5
246.336,0.70178,50.4343,0.409677,76.052,557.811,642.189,538.729,661.271,26.2375,47.5
246.364,0.70178,84.9516,0.429466,77.8684,559.942,640.058,537.69,662.31,26.2375,47.5
246.415,0.70178,67.9332,0.452455,76.3239,560.886,639.114,539.843,660.157,26.2375,42.5
246.491,0.70178,0.0,0.454058,76.2528,560.964,639.036,539.961,660.039,26.2375,42.5
246.526,0.70178,364.848,0.585293,88.0063,576.137,623.863,535.13,664.87,22.5205,42.5
246.553,0.70178,1245.19,0.469161,118.489,581.092,618.908,502.801,697.199,22.5205,42.5
246.633,0.70178,292.369,0.44535,98.0146,569.741,630.259,520.033,679.967,22.5205,42.5
246.689,0.70178,103.228,0.440772,94.5434,567.854,632.146,522.98,677.02,22.5205,42.5
246.72,0.70178,81.4011,0.438183,92.6876,566.846,633.154,524.556,675.444,22.5205,42.5
246.783,0.70178,62.4627,0.432399,88.7969,564.729,635.271,527.863,672.137,22.5205,42.5
246.859,0.70178,103.539,0.424853,84.1897,562.221,637.779,531.782,668.218,22.5205,42.5
246.903,0.70178,140.798,0.420015,81.4817,560.745,639.255,534.088,665.912,22.5205,42.5
246.973,0.70178,195.628,0.420015,81.4817,560.745,639.255,534.088,665.912,22.5205,42.5
247.041,0.70178,0.0,0.420015,81.4817,560.745,639.255,534.088,665.912,22.5205,42.5
247.111,0.70178,0.0,0.420015,81.4817,560.745,639.255,534.088,665.912,22.5205,42.5
247.182,0.70178,0.0,0.420015,81.4817,560.745,639.255,534.088,665.912,22.5205,42.5
247.251,0.70178,0.0,0.420015,81.4817,560.745,639.255,534.088,665.912,22.5205,42.5
247.315,0.70178,0.0,0.420015,81.4817,560.745,639.255,534.088,665.912,22.5205,42.5
247.373,0.70178,0.0,0.420015,81.4817,560.745,639.255,534.088,665.912,22.5205,42.5
247.428,0.70178,0.0,0.420015,81.4817,560.745,639.255,534.088,665.912,21.5674,42.5
247.481,0.70178,0.0,0.420015,81.4817,560.745,639.255,534.088,665.912,21.5674,42.5
247.534,0.70178,0.0,0.420015,81.4817,560.745,639.255,534.088,665.912,19.1847,42.5
247.585,0.70178,1245.75,0.293654,143.571,569.076,630.924,471.062,728.938,19.1847,42.5
247.639,0.70178,27.4134,0.293654,143.571,569.076,630.924,471.062,728.938,19.1847,42.5
247.703,0.70178,35.3109,0.293654,143.571,569.076,630.924,471.062,728.938,19.1847,42.5
247.775,0.70178,105.656,0.293654,143.571,569.076,630.924,471.062,728.938,19.1847,42.5
247.836,0.70178,0.0,0.293654,143.571,569.076,630.924,471.062,728.938,19.1847,42.5
247.889,0.70178,0.0,0.293654,143.571,569.076,630.924,471.062,728.938,19.1847,42.5
248.058,0.70178,0.0,0.293654,143.571,569.076,630.924,471.062,728.938,19.1847,42.5
248.106,0.70178,0.0,0.293654,143.571,569.076,630.924,471.062,728.938,19.1847,42.5
248.159,0.994995,109.377,0.273497,140.253,565.401,634.599,473.448,726.552,19.1847,42.5
248.219,0.994995,49.2697,0.317095,145.946,573.026,626.974,469.817,730.183,18.041,42.5
248.289,0.994995,0.0,0.317095,145.946,573.026,626.974,469.817,730.183,18.041,42.5
248.354,0.994995,0.0,0.317095,145.946,573.026,626.974,469.817,730.183,18.041,42.5
248.422,0.994995,0.0,0.317095,145.946,573.026,626.974,469.817,730.183,18.041,52.5
248.487,0.994995,0.0,0.317095,145.946,573.026,626.974,469.817,730.183,18.041,52.5
248.553,0.994995,0.0,0.317095,145.946,573.026,626.974,469.817,730.183,15.6583,52.5
248.636,0.994995,1240.17,0.254143,247.89,589.842,610.158,368.56,831.44,15.6583,52.5
248.707,0.994995,39.5369,0.254143,247.89,589.842,610.158,368.56,831.44,15.6583,52.5
248.79,0.994995,41.3849,0.254143,247.89,589.842,610.158,368.56,831.44,15.6583,52.5
248.896,0.994995,144.912,0.254143,247.89,589.842,610.158,368.56,831.44,15.6583,52.5
248.964,0.994995,0.0,0.254143,247.89,589.842,610.158,368.56,831.44,15.6583,52.5
249.037,0.994995,0.0,0.254143,247.89,589.842,610.158,368.56,831.44,15.6583,52.5
249.102,0.994995,0.0,0.254143,247.89,589.842,610.158,368.56,831.44,15.6583,52.5
249.198,0.994995,0.0,0.254143,247.89,589.842,610.158,368.56,831.44,15.6583,52.5
249.274,0.753703,154.289,0.236762,240.274,583.876,616.124,374.916,825.084,15.6583,52.5
249.35,0.753703,311.504,0.1903,222.349,569.577,630.423,390.152,809.848,15.6583,52.5
249.431,0.753703,477.281,0.0927447,193.442,545.434,654.566,415.876,784.124,15.6583,62.5
249.527,0.753703,600.0,-0.132995,153.227,507.2,692.8,456.614,743.386,15.6583,62.5
249.669,0.640693,559.092,-0.698411,114.668,453.787,746.213,520.667,679.333,15.6583,62.5
249.761,0.40551,345.649,-0.906779,131.961,423.596,776.404,527.162,672.838,15.6583,62.5
249.827,0.402456,418.88,-1.08399,142.118,401.91,798.09,542.003,657.997,15.6583,62.5
249.875,0.378021,495.514,-1.23628,149.658,386.156,813.844,559.353,640.647,15.6583,62.5
249.978,0.368858,600.0,-1.59535,171.66,355.911,844.089,612.701,587.299,15.6583,62.5
250.052,0.368858,55.1469,-1.64883,176.942,351.116,848.885,622.281,577.719,15.6583,62.5
250.166,0.368858,0.0,-1.64883,176.942,351.116,848.885,622.281,577.719,15.6583,62.5
250.223,0.368858,0.0,-1.64883,176.942,351.116,848.885,622.281,577.719,15.6583,62.5
250.272,0.368858,0.0,-1.64883,176.942,351.116,848.885,622.281,577.719,15.6583,62.5
250.36,0.368858,0.0,-1.64883,176.942,351.116,848.885,622.281,577.719,15.6583,62.5
250.447,0.368858,0.0,-1.64883,176.942,351.116,848.885,622.281,577.719,15.6583,72.5
250.535,0.368858,0.0,-1.64883,176.942,351.116,848.885,622.281,577.719,14.7052,72.5
250.614,0.368858,0.0,-1.64883,176.942,351.116,848.885,622.281,577.719,14.7052,72.5
250.682,0.368858,0.0,-1.64883,176.942,351.116,848.885,622.281,577.719,14.7052,72.5
250.743,0.368858,0.0,-1.64883,176.942,351.116,848.885,622.281,577.719,14.7052,72.5
250.785,0.368858,0.0,-1.64883,176.942,351.116,848.885,622.281,577.719,14.7052,72.5
250.872,0.368858,0.0,-1.64883,176.942,351.116,848.885,622.281,577.719,14.7052,72.5
250.93,0.368858,0.0,-1.64883,176.942,351.116,848.885,622.281,577.719,14.7052,72.5
250.98,0.368858,0.0,-1.64883,176.942,351.116,848.885,622.281,577.719,14.7052,72.5
251.054,0.368858,0.0,-1.64883,176.942,351.116,848.885,622.281,577.719,14.7052,72.5
251.109,0.368858,0.0,-1.64883,176.942,351.116,848.885,622.281,577.719,14.7052,72.5
251.204,0.368858,0.0,-1.64883,176.942,351.116,848.885,622.281,577.719,14.7052,72.5
251.253,0.368858,0.0,-1.64883,176.942,351.116,848.885,622.281,577.719,14.7052,72.5
251.367,0.368858,0.0,-1.63322,184.147,343.73,856.27,619.974,580.026,13.5615,82.5
251.458,0.368858,0.0,-1.63322,184.147,343.73,856.27,619.974,580.026,13.5615,82.5
251.547,0.368858,0.0,-1.63322,184.147,343.73,856.27,619.974,580.026,13.5615,82.5
251.595,0.368858,0.0,-1.63322,184.147,343.73,856.27,619.974,580.026,13.5615,82.5
251.688,0.368858,0.0,-1.63322,184.147,343.73,856.27,619.974,580.026,13.5615,82.5
251.766,0.368858,0.0,-1.63322,184.147,343.73,856.27,619.974,580.026,11.1788,82.5
251.795,0.368858,1244.96,-1.52679,212.903,314.822,885.178,599.121,600.879,11.1788,82.5
251.883,0.368858,120.627,-1.52679,212.903,314.822,885.178,599.121,600.879,11.1788,82.5
251.924,0.368858,680.408,-1.62958,227.467,300.445,899.555,621.85,578.15,9.84453,82.5
251.954,0.368858,155.83,-1.62958,227.467,300.445,899.555,621.85,578.15,9.84453,82.5
252.055,0.368858,0.0,-1.62958,227.467,300.445,899.555,621.85,578.15,9.84453,82.5
252.096,0.368858,0.0,-1.62958,227.467,300.445,899.555,621.85,578.15,9.84453,82.5
252.193,0.368858,0.0,-1.62958,227.467,300.445,899.555,621.85,578.15,9.84453,82.5
252.251,0.368858,0.0,-1.62958,227.467,300.445,899.555,621.85,578.15,9.84453,82.5
252.29,0.368858,0.0,-1.62958,227.467,300.445,899.555,621.85,578.15,9.84453,82.5
252.407,0.368858,0.0,-1.62958,227.467,300.445,899.555,621.85,578.15,9.84453,92.5
252.519,0.368858,0.0,-1.62958,227.467,300.445,899.555,621.85,578.15,9.84453,92.5
252.634,-1.46679,0.0,-1.62958,227.467,300.445,899.555,621.85,578.15,8.65319,92.5
252.73,-1.62958,0.0,-1.62958,227.467,300.445,899.555,621.85,578.15,8.65319,92.5
252.834,-1.62958,0.0,-1.62958,227.467,300.445,899.555,621.85,578.15,6.2705,92.5
252.928,-1.62958,1240.03,-1.43549,330.41,200.129,999.871,563.918,636.082,6.2705,92.5
253.022,-1.43549,3.15861,-1.43549,330.41,200.129,999.871,563.918,636.082,6.2705,92.5
253.125,-1.43549,103.939,-1.43549,330.41,200.129,999.871,563.918,636.082,6.2705,92.5
253.232,-1.43549,0.0,-1.43549,330.41,200.129,999.871,563.918,636.082,6.2705,92.5
253.342,-1.43549,0.0,-1.43549,330.41,200.129,999.871,563.918,636.082,6.2705,92.5
253.453,-1.43549,0.0,-1.43549,330.41,200.129,999.871,563.918,636.082,6.2705,100.0
253.634,-1.43549,200.0,-1.36388,309.086,225.026,974.974,544.988,655.012,6.2705,100.0
253.738,-2.14928,0.0,-1.36388,309.086,225.026,974.974,544.988,655.012,6.2705,93.0
253.812,-2.14928,0.0,-1.36388,309.086,225.026,974.974,544.988,655.012,6.2705,93.0
253.899,-2.14928,0.0,-1.36388,309.086,225.026,974.974,544.988,655.012,6.2705,93.0
253.981,-2.14928,0.0,-1.36388,309.086,225.026,974.974,544.988,655.012,6.2705,93.0
254.06,-2.14928,0.0,-1.36388,309.086,225.026,974.974,544.988,655.012,6.2705,93.0
254.15,-2.14928,86.198,-1.3182,321.941,215.794,984.206,528.029,671.971,6.2705,93.0
254.25,-2.14928,889.68,-0.767213,261.227,346.193,853.807,420.443,779.557,6.2705,93.0
254.333,-2.14928,2301.07,0.0431906,349.2,542.596,657.404,259.613,940.387,6.2705,93.0
254.423,-2.14928,2118.92,0.50762,542.338,791.149,408.851,134.536,1065.46,6.2705,93.0
254.526,-2.14928,1052.54,0.683549,671.608,958.765,241.235,75.014,1124.99,6.2705,93.0
254.633,-2.14928,0.0,0.685612,660.805,966.563,233.437,67.598,1132.4,6.2705,93.0
254.713,-2.14928,0.0,0.685612,644.935,966.563,233.437,67.598,1132.4,6.2705,93.0
254.827,0.685612,234.512,0.685612,603.917,955.092,244.908,81.6213,1118.38,6.2705,93.0
254.898,0.685612,378.604,0.685612,565.742,939.832,260.168,100.278,1099.72,6.2705,93.0
254.976,0.685612,539.705,0.685612,510.723,914.958,285.042,130.687,1069.31,6.2705,93.0
255.053,0.685612,600.0,0.685612,449.165,885.726,314.274,166.423,1033.58,6.2705,93.0
255.125,0.685612,600.0,0.685612,391.684,858.431,341.569,199.792,1000.21,6.2705,93.0
255.192,0.685612,600.0,0.685612,338.521,833.186,366.814,230.654,969.346,6.2705,93.0
255.267,0.685612,600.0,0.685612,278.494,804.681,395.319,265.501,934.499,6.2705,93.0
255.346,0.685612,31.4611,0.685612,252.89,798.551,401.449,272.996,927.004,6.2705,88.0
255.426,0.685612,0.0,0.685612,237.027,798.551,401.449,272.996,927.004,6.2705,88.0
255.506,0.685612,688.006,0.674847,142.546,747.714,452.286,332.722,867.278,6.2705,88.0
255.598,0.674847,353.136,0.614537,76.4628,703.761,496.239,381.606,818.394,6.2705,88.0
255.643,0.614537,68.9728,0.583396,76.4339,701.778,498.222,380.287,819.713,6.2705,88.0
255.738,0.583396,0.0,0.583396,76.4339,701.778,498.222,380.287,819.713,6.2705,88.0
255.793,0.583396,54.5563,0.589048,76.0296,701.914,498.086,380.863,819.137,6.2705,88.0
255.874,0.589048,0.0,0.589516,76.0296,701.943,498.057,380.882,819.118,6.2705,88.0
255.957,0.589516,0.0,0.620347,76.0639,703.891,496.109,382.188,817.812,6.2705,88.0
256.003,0.620347,0.0,0.620347,76.0639,703.891,496.109,382.188,817.812,6.2705,88.0
256.121,0.620347,0.0,0.620347,76.0639,703.891,496.109,382.188,817.812,6.2705,88.0
256.207,0.620347,0.0,0.620347,76.0639,703.891,496.109,382.188,817.812,6.2705,88.0
256.295,0.620347,0.0,0.620347,76.0639,703.891,496.109,382.188,817.812,6.2705,88.0
256.359,0.620347,0.0,0.620347,76.0639,703.891,496.109,382.188,817.812,5.31742,88.0
256.468,0.620347,0.0,0.620347,76.0639,703.891,496.109,382.188,817.812,2.93473,88.0
256.517,0.620347,924.482,0.534327,132.593,727.198,472.802,329.968,870.032,2.93473,88.0
256.641,0.534327,0.0,0.522715,147.49,733.306,466.694,316.284,883.716,2.93473,88.0
256.76,0.522715,0.0,0.522715,147.49,733.306,466.694,316.284,883.716,2.93473,88.0
256.92,0.522715,0.0,0.522715,147.49,733.306,466.694,316.284,883.716,2.93473,88.0
257.071,0.522715,0.0,0.522715,147.49,733.306,466.694,316.284,883.716,2.93473,88.0
257.199,0.522715,0.0,0.522715,147.49,733.306,466.694,316.284,883.716,2.93473,84.5
257.323,0.522715,0.0,0.522715,147.49,733.306,466.694,316.284,883.716,2.93473,84.5
257.437,0.522715,57.9291,0.731208,150.754,760.343,439.657,331.862,868.138,2.93473,84.5
257.551,0.731208,0.0,0.731208,150.754,760.343,439.657,331.862,868.138,2.93473,84.5
257.654,-0.0541903,0.0,0.731208,150.754,760.343,439.657,331.862,868.138,2.93473,77.5
257.764,-0.0541903,0.0,0.731208,150.754,760.343,439.657,331.862,868.138,2.93473,77.5
257.87,-0.0541903,0.0,0.731208,150.754,760.343,439.657,331.862,868.138,2.93473,77.5
257.983,-0.0541903,0.0,0.731208,150.754,760.343,439.657,331.862,868.138,2.93473,77.5
258.076,-0.0541903,0.0,0.731208,150.754,760.343,439.657,331.862,868.138,2.93473,77.5
258.165,-0.0541903,2732.99,2.28498,191.546,804.412,395.588,569.541,630.459,2.93473,77.5
258.263,-0.0541903,366.986,2.4818,256.081,816.64,383.36,646.413,553.587,2.93473,77.5
258.42,-0.0541903,231.678,2.827,455.285,800.554,399.446,877.019,322.981,2.93473,77.5
258.496,-0.0541903,1730.58,2.95664,603.134,770.592,429.408,1036.93,163.074,2.93473,77.5
258.579,-0.0541903,240.284,2.97879,639.811,763.377,436.623,1075.43,124.57,2.93473,77.5
258.727,2.97879,200.0,3.00686,622.584,743.304,456.696,1061.02,138.98,2.93473,77.5
258.881,3.00686,200.0,3.04333,601.309,718.662,481.338,1042.49,157.512,2.93473,77.5
258.987,3.04333,200.0,3.06903,586.759,702.215,497.785,1029.29,170.706,2.93473,77.5
259.08,3.06903,200.0,3.09273,560.578,688.02,511.98,1017.26,182.745,2.93473,77.5
259.165,3.09273,345.77,3.10582,518.448,680.017,519.983,992.547,207.453,2.93473,77.5
259.252,3.10582,521.092,3.11269,459.731,675.382,524.618,951.349,248.651,2.93473,77.5
259.359,3.11269,600.0,3.11688,374.098,671.958,528.042,887.2,312.801,2.93473,77.5
259.46,3.11688,600.0,3.11857,293.347,669.967,530.033,826.668,373.332,2.93473,77.5
259.55,3.11857,600.0,3.11931,221.227,668.557,531.443,772.596,427.404,2.93473,77.5
259.626,3.11931,600.0,3.11972,160.893,667.483,532.517,727.358,472.642,2.93473,87.5
259.726,3.11972,0.0,3.11981,133.302,667.305,532.695,719.77,480.23,2.93473,82.5
259.781,3.11981,0.0,3.11981,122.249,667.305,532.695,719.77,480.23,2.93473,82.5
259.839,3.11981,58.2019,3.11244,77.0399,666.889,533.111,674.558,525.442,2.93473,82.5
259.93,3.11244,0.0,3.11194,77.0133,666.926,533.074,674.53,525.47,2.93473,82.5
259.98,3.11194,69.661,3.07955,76.322,669.375,530.625,673.726,526.274,2.93473,82.5
260.067,3.07955,0.0,3.0788,76.2914,669.43,530.57,673.692,526.308,2.93473,82.5
260.144,3.0788,0.0,3.08123,76.0242,669.229,530.771,673.436,526.564,2.93473,82.5
260.229,3.08123,0.0,3.10426,76.0444,667.481,532.519,673.542,526.458,2.93473,82.5
260.316,3.10426,0.0,-3.13526,76.1135,664.161,535.839,673.662,526.338,2.93473,82.5
260.363,-3.13526,0.0,-3.13526,76.1135,664.161,535.839,673.662,526.338,2.93473,82.5
260.467,-3.13526,0.0,-3.13526,76.1135,664.161,535.839,673.662,526.338,2.93473,77.5
260.524,-3.13526,0.0,-3.13526,76.1135,664.161,535.839,673.662,526.338,2.93473,77.5
260.628,-3.13526,0.0,-3.1393,76.214,664.506,535.494,673.665,526.335,2.93473,77.5
260.701,-3.1393,0.0,3.10857,76.2615,667.199,532.801,673.671,526.329,2.93473,77.5
260.749,3.10857,30.4952,3.07844,76.2911,669.495,530.505,673.59,526.41,2.93473,77.5
260.864,3.07844,0.0,3.07692,76.0176,669.593,530.407,673.31,526.69,2.93473,77.5
260.907,3.07692,67.317,3.04713,76.0514,671.854,528.146,673.163,526.837,2.93473,77.5
260.99,3.04713,150.0,2.93018,76.5725,680.748,519.252,672.319,527.681,2.93473,77.5
261.11,2.93018,0.0,2.95132,76.0822,679.07,520.93,672.16,527.84,2.93473,74.0
261.211,2.95132,0.0,2.95132,76.0822,679.07,520.93,672.16,527.84,2.93473,74.0
261.301,2.95132,176.14,2.58257,80.9043,707.589,492.411,666.039,533.961,2.93473,74.0
261.394,2.58257,0.0,2.51733,83.0423,713.218,486.782,664.831,535.169,2.93473,74.0
261.481,2.51733,0.0,2.51733,83.0423,713.218,486.782,664.831,535.169,6.0182,74.0
261.569,2.51733,150.0,2.38938,83.7267,721.887,478.113,658.586,541.414,6.0182,74.0
261.61,2.38938,150.0,2.31659,84.2886,726.595,473.405,654.645,545.355,6.0182,74.0
261.692,2.31659,0.0,2.31659,84.2886,726.595,473.405,654.645,545.355,6.0182,69.0
261.786,2.31659,0.0,2.31659,84.2886,726.595,473.405,654.645,545.355,6.0182,69.0
261.832,2.31659,50.7944,2.3035,77.0558,721.961,478.039,648.992,551.008,6.0182,69.0
261.891,2.3035,0.0,2.30347,77.0224,721.938,478.062,648.968,551.032,3.63551,69.0
261.99,2.30347,1238.31,1.50143,162.534,826.823,373.177,586.186,613.814,3.63551,69.0
262.072,1.50143,22.5536,1.49695,162.762,826.998,373.001,585.443,614.557,3.63551,69.0
262.159,1.49695,65.004,1.49226,163.004,827.182,372.817,584.662,615.338,3.63551,69.0
262.268,1.49226,171.504,1.48637,163.315,827.414,372.586,583.68,616.32,3.63551,69.0
262.331,1.48637,0.0,1.48429,163.427,827.496,372.504,583.331,616.669,3.63551,69.0
262.396,1.48429,0.0,1.48429,163.427,827.496,372.504,583.331,616.669,3.63551,69.0
262.457,1.48429,0.0,1.48429,163.427,827.496,372.504,583.331,616.669,3.63551,69.0
262.515,1.48429,0.0,1.48429,163.427,827.496,372.504,583.331,616.669,3.63551,64.0
262.574,1.48429,0.0,1.48429,163.427,827.496,372.504,583.331,616.669,3.63551,64.0
262.626,1.48429,365.896,1.49071,144.708,808.925,391.075,585.875,614.125,3.63551,64.0
262.661,1.49071,455.436,1.51012,124.262,789.415,410.585,588.563,611.437,3.63551,64.0
262.74,1.51012,697.362,1.06168,115.119,766.834,433.166,538.285,661.715,2.3012,64.0
262.842,1.06168,126.351,0.941033,88.7443,738.035,461.965,542.128,657.872,2.3012,64.0
262.904,0.941033,0.0,0.938262,88.2937,737.526,462.474,542.196,657.804,2.3012,64.0
262.958,0.938262,0.0,0.938262,88.2937,737.526,462.474,542.196,657.804,2.3012,64.0
263.025,0.938262,0.0,0.938262,88.2937,737.526,462.474,542.196,657.804,0.0,64.0
263.078,0.938262,1246.2,0.857156,153.989,782.728,417.272,493.595,706.405,0.0,64.0
263.134,0.857156,9.31496,0.857156,153.989,782.728,417.272,493.595,706.405,0.0,64.0
263.188,0.857156,42.9323,0.857156,153.989,782.728,417.272,493.595,706.405,0.0,64.0
263.221,0.857156,75.9327,0.857156,153.989,782.728,417.272,493.595,706.405,0.0,64.0
263.281,0.857156,134.679,0.857156,153.989,782.728,417.272,493.595,706.405,0.0,64.0
263.337,0.857156,0.0,0.857156,153.989,782.728,417.272,493.595,706.405,0.0,64.0
263.39,0.857156,0.0,0.857156,153.989,782.728,417.272,493.595,706.405,0.0,64.0
263.442,0.857156,0.0,0.857156,153.989,782.728,417.272,493.595,706.405,0.0,64.0
263.492,0.857156,0.0,0.857156,153.989,782.728,417.272,493.595,706.405,0.0,64.0
263.545,0.857156,0.0,0.857156,153.989,782.728,417.272,493.595,706.405,0.0,64.0
263.598,0.857156,0.0,0.857156,153.989,782.728,417.272,493.595,706.405,0.0,64.0
263.652,0.857156,0.0,0.857156,153.989,782.728,417.272,493.595,706.405,0.0,64.0
263.698,0.857156,0.0,0.857156,153.989,782.728,417.272,493.595,706.405,0.0,64.0
263.745,0.857156,0.0,0.857156,153.989,782.728,417.272,493.595,706.405,0.0,64.0
263.792,0.857156,96.6441,0.886764,154.057,785.714,414.286,497.042,702.958,0.0,64.0
263.837,0.886764,0.0,0.886764,204.057,824.465,375.535,465.446,734.554,0.0,64.0
263.887,0.886764,0.0,0.886764,204.057,824.465,375.535,465.446,734.554,0.0,64.0
263.945,0.886764,79.5489,0.890633,200.927,822.529,377.471,468.028,731.972,0.0,64.0
263.99,0.886764,70.8941,0.894742,196.329,819.46,380.54,471.548,728.452,0.0,64.0
264.032,0.886764,615.755,0.911275,170.694,801.212,398.788,489.804,710.196,0.0,64.0
264.073,0.886764,375.982,0.916409,149.845,785.205,414.795,503.188,696.812,0.0,64.0
264.119,0.886764,689.644,0.900515,115.75,757.022,442.978,522.49,677.51,0.0,64.0
264.177,0.886764,431.102,0.833331,91.8301,734.285,465.715,532.647,667.353,0.0,64.0
264.217,0.886764,89.8568,0.820238,87.6408,730.407,469.593,534.62,665.38,0.0,64.0
264.263,0.886764,54.1353,0.803892,77.0101,721.767,478.233,540.957,659.043,0.0,64.0
264.315,0.886764,0.0,0.799018,76.5648,721.186,478.814,540.998,659.002,0.0,64.0
264.362,0.886764,58.5937,0.753127,76.6375,718.729,481.271,538.484,661.516,0.0,64.0
264.413,0.886764,126.117,0.676567,76.8441,714.428,485.572,534.477,665.523,0.0,64.0
264.463,0.886764,0.0,0.674816,76.8437,714.323,485.677,534.393,665.607,0.0,74.0
264.512,0.886764,81.5441,0.603353,77.0255,710.019,489.981,530.969,669.031,0.0,74.0
264.555,0.886764,180.287,0.504872,77.3249,703.716,496.284,526.717,673.283,0.0,74.0
264.598,0.886764,0.0,0.503681,76.9834,703.471,496.529,526.972,673.028,0.0,74.0
264.644,0.886764,75.7055,0.4676,77.0285,701.035,498.965,525.635,674.365,0.0,74.0
264.687,0.886764,17.6839,0.467791,76.2634,700.703,499.297,526.325,673.675,0.0,74.0
264.739,0.886764,57.2379,0.449928,76.2744,699.486,500.514,525.711,674.289,0.0,74.0
264.785,0.886764,0.0,0.449792,76.2179,699.453,500.548,525.758,674.242,0.0,74.0
264.826,0.886764,44.9977,0.438929,76.1439,698.674,501.326,525.469,674.531,0.0,74.0
264.87,0.886764,0.0,0.437804,76.0794,698.569,501.431,525.491,674.509,0.0,74.0
264.914,0.886764,47.7546,0.425618,76.0577,697.718,502.282,525.123,674.877,0.0,74.0
264.964,0.886764,0.0,0.424807,76.0364,697.653,502.347,525.117,674.883,0.0,74.0
265.01,0.886764,48.6218,0.413049,76.0417,696.838,503.162,524.748,675.252,0.0,74.0
265.053,0.886764,0.0,0.413049,76.0417,696.838,503.162,524.748,675.252,0.0,74.0
265.104,0.886764,56.4908,0.395764,76.0526,695.634,504.366,524.221,675.779,0.0,74.0
265.151,0.886764,0.0,0.395303,76.0526,695.602,504.398,524.207,675.793,0.0,74.0
265.198,0.691219,110.127,0.334147,76.1951,691.304,508.696,522.414,677.586,0.0,74.0
265.241,0.773686,182.253,0.229969,76.4882,683.75,516.25,519.92,680.08,0.0,74.0
265.284,0.822555,121.05,0.167437,76.4368,679.053,520.947,519.027,680.973,0.0,74.0
265.329,0.856153,0.0,0.162933,76.4562,678.717,521.283,518.951,681.049,0.0,69.0
265.378,0.856153,0.0,0.162933,76.4562,678.717,521.283,518.951,681.049,0.0,69.0
265.42,0.856153,0.0,0.162933,76.4562,678.717,521.283,518.951,681.049,0.0,69.0
265.456,0.856153,185.548,0.0769181,76.7118,672.209,527.791,517.91,682.09,0.0,69.0
265.499,0.856153,240.315,0.0567178,77.7821,670.724,529.276,516.738,683.262,0.0,69.0
265.559,0.856153,20.6923,0.0421663,79.0528,669.647,530.353,515.412,684.588,0.0,69.0
265.616,0.856153,59.9363,0.0262924,79.7202,668.41,531.59,514.702,685.298,0.0,69.0
265.652,0.856153,0.0,0.0259889,79.7285,668.386,531.614,514.693,685.307,0.0,69.0
265.694,0.856153,41.7599,0.0249178,79.7293,668.301,531.699,514.69,685.31,0.0,69.0
265.754,0.856153,0.0,0.0252349,79.6973,668.326,531.674,514.723,685.277,0.0,69.0
265.804,0.856153,53.7287,0.0314778,79.052,668.803,531.197,515.382,684.618,0.0,69.0
265.834,0.856153,63.7631,0.0521154,78.7569,670.417,529.583,515.745,684.255,0.0,69.0
265.88,0.856153,70.3911,0.0616164,76.3701,671.017,528.983,518.169,681.831,0.0,64.0
265.937,0.856153,0.0,0.0632604,76.1131,671.126,528.874,518.434,681.566,0.0,64.0
265.972,0.856153,0.0,0.0632604,76.1131,671.126,528.874,518.434,681.566,0.0,64.0
266.01,0.856153,185.691,0.0121594,81.7511,667.309,532.691,512.65,687.35,0.0,64.0
266.075,0.856153,0.0,0.0150349,81.464,667.539,532.461,512.94,687.06,0.0,64.0
266.125,0.856153,1244.09,0.235839,139.452,698.899,501.101,458.802,741.198,0.0,64.0
266.173,0.856153,521.229,0.12209,119.436,680.86,519.14,475.848,724.152,0.0,64.0
266.23,0.856153,515.963,-0.0690954,98.6039,659.507,540.493,496.026,703.974,0.0,64.0
266.289,0.856153,82.9862,-0.141522,97.6079,652.547,547.453,497.763,702.237,0.0,64.0
266.342,0.856153,115.275,-0.168236,100.465,649.492,550.508,495.348,704.652,0.0,64.0
266.395,0.856153,158.988,-0.194012,103.457,646.368,553.632,492.879,707.121,0.0,64.0
266.447,0.856153,44.9989,-0.216075,106.221,643.541,556.459,490.644,709.356,0.0,64.0
266.494,0.856153,0.0,-0.216075,106.221,643.541,556.459,490.644,709.356,0.0,64.0
266.526,0.856153,0.0,-0.216075,106.221,643.541,556.459,490.644,709.356,0.0,64.0
266.572,0.856153,0.0,-0.216075,106.221,643.541,556.459,490.644,709.356,0.0,64.0
266.633,0.856153,0.0,-0.216075,106.221,643.541,556.459,490.644,709.356,0.0,64.0
266.681,0.856153,0.0,-0.216075,106.221,643.541,556.459,490.644,709.356,0.0,64.0
266.722,0.856153,0.0,-0.216075,106.221,643.541,556.459,490.644,709.356,0.0,64.0
266.783,0.856153,0.0,-0.216075,106.221,643.541,556.459,490.644,709.356,0.0,61.0
266.848,0.856153,0.0,-0.216075,106.221,643.541,556.459,490.644,709.356,0.0,61.0
266.887,0.856153,332.988,-0.312597,113.705,631.347,568.653,486.2,713.8,0.0,61.0
266.95,0.856153,70.3435,-0.399415,120.29,619.536,580.464,483.573,716.427,0.0,61.0
267.012,0.856153,217.751,-0.507638,127.536,604.318,595.682,482.942,717.058,0.0,61.0
267.049,0.856153,69.7333,-0.523271,128.47,602.116,597.884,483.115,716.885,0.0,61.0
267.086,0.856153,1241.12,-0.291022,160.132,620.368,579.632,440.996,759.004,0.0,61.0
267.15,0.856153,52.8971,-0.29212,160.081,620.214,579.786,441.096,758.904,0.0,61.0
267.201,0.856153,4.57119,-0.292983,160.04,620.093,579.907,441.174,758.826,0.0,61.0
267.267,0.856153,61.2702,-0.294118,159.988,619.935,580.065,441.277,758.723,0.0,61.0
267.341,0.856153,134.013,-0.295395,159.929,619.756,580.244,441.392,758.608,0.0,61.0
267.39,0.856153,0.0,-0.295652,159.917,619.721,580.279,441.416,758.584,0.0,61.0
