TimeStamp,PlayerButtonSeries,RelativeDistance,Dist_from_Top,Dist_from_Bottom,Dist_from_Left,Dist_from_Right,PlayerHP,PlayerStamina
124.332,1,465.732,602.071,597.929,1081.95,118.049,100.0,100.0
124.37,1,443.755,600.969,599.031,1058.35,141.648,100.0,100.0
124.403,1,425.226,601.016,598.984,1038.67,161.329,100.0,100.0
124.443,1,402.993,600.434,599.566,1014.65,185.349,100.0,100.0
124.479,1,383.589,598.611,601.389,992.94,207.06,100.0,100.0
124.517,1,364.798,594.817,605.183,970.7,229.3,100.0,100.0
124.556,1,346.818,588.771,611.229,947.706,252.294,100.0,100.0
124.595,1,331.421,581.133,618.867,925.925,274.075,100.0,100.0
124.63,1,318.983,573.076,626.924,906.292,293.708,100.0,100.0
124.67,1,307.49,562.741,637.259,884.928,315.072,100.0,100.0
124.706,1,299.148,552.457,647.543,865.862,334.138,100.0,100.0
124.746,1,292.201,540.383,659.617,845.03,354.97,100.0,100.0
124.79,1,287.081,526.898,673.102,822.453,377.547,100.0,100.0
124.832,1,284.021,514.15,685.85,800.442,399.558,100.0,100.0
124.876,1,279.475,504.425,695.575,776.158,423.842,100.0,100.0
124.918,1,272.107,500.084,699.916,751.125,448.875,100.0,100.0
124.961,1,262.761,499.912,700.088,725.293,474.707,100.0,100.0
125.034,1,240.593,511.794,688.206,683.555,516.445,100.0,100.0
125.073,1,225.857,523.763,676.237,663.488,536.512,100.0,100.0
125.113,1,209.691,538.74,661.26,644.69,555.31,100.0,100.0
125.168,1,187.406,561.877,638.123,621.361,578.639,100.0,100.0
125.216,0,182.837,567.033,632.967,616.452,583.548,100.0,100.0
125.255,0,182.837,567.033,632.967,616.452,583.548,100.0,100.0
125.295,0,182.837,567.033,632.967,616.452,583.548,100.0,100.0
125.362,202,182.837,567.033,632.967,616.452,583.548,100.0,100.0
125.45,202,182.837,567.033,632.967,616.452,583.548,100.0,100.0
125.531,202,137.962,625.014,574.986,578.022,621.978,100.0,100.0
125.581,202,121.103,669.194,530.806,548.163,651.837,100.0,100.0
125.631,202,120.571,670.262,529.738,547.948,652.052,100.0,100.0
125.673,202,120.313,670.517,529.483,548.069,651.931,100.0,100.0
125.698,202,120.301,670.589,529.411,548.024,651.976,100.0,100.0
125.745,202,120.635,670.782,529.218,547.424,652.576,100.0,100.0
125.798,0,120.764,670.839,529.161,547.208,652.792,100.0,100.0
125.858,0,122.647,671.174,528.826,544.493,655.507,100.0,100.0
125.897,0,122.703,671.169,528.831,544.425,655.575,100.0,100.0
125.972,202,124.898,670.504,529.496,542.143,657.857,100.0,100.0
126.023,202,124.898,670.504,529.496,542.143,657.857,100.0,100.0
126.087,202,124.898,670.504,529.496,542.143,657.857,100.0,100.0
126.167,202,135.254,699.876,500.124,513.535,686.465,100.0,100.0
126.245,202,165.725,746.297,453.703,473.981,726.019,100.0,100.0
126.315,0,188.934,774.069,425.931,452.918,747.082,100.0,100.0
126.371,1,197.554,784.42,415.58,445.989,754.011,100.0,100.0
126.437,1,192.282,791.292,408.708,452.914,747.086,100.0,100.0
126.497,1,181.714,800.95,399.05,466.605,733.395,100.0,100.0
126.558,0,179.13,803.261,396.739,470.086,729.914,100.0,100.0
126.609,0,179.13,803.261,396.739,470.086,729.914,100.0,100.0
126.697,0,179.13,803.261,396.739,470.086,729.914,100.0,100.0
126.76,0,179.13,803.261,396.739,470.086,729.914,100.0,100.0
126.82,0,179.13,803.261,396.739,470.086,729.914,100.0,100.0
126.875,1,174.822,803.537,396.463,474.739,725.261,100.0,100.0
126.933,202,174.822,803.537,396.463,474.739,725.261,100.0,100.0
126.992,202,174.822,803.537,396.463,474.739,725.261,100.0,100.0
127.057,202,140.271,792.74,407.26,507.568,692.432,100.0,100.0
127.119,202,137.627,803.42,396.58,514.781,685.219,100.0,100.0
127.18,202,134.953,807.856,392.144,519.934,680.066,100.0,100.0
127.24,202,134.081,806.62,393.38,520.279,679.721,100.0,100.0
127.318,202,134.081,806.62,393.38,520.279,679.721,100.0,100.0
127.365,202,133.877,806.837,393.163,520.619,679.381,100.0,100.0
127.394,0,133.865,806.861,393.139,520.645,679.355,100.0,100.0
127.441,0,132.988,808.56,391.44,522.529,677.471,100.0,100.0
127.484,202,132.627,809.413,390.587,523.401,676.599,100.0,100.0
127.534,202,135.01,806.884,393.116,519.371,680.629,100.0,100.0
127.565,202,135.01,806.884,393.116,519.371,680.629,100.0,100.0
127.657,202,135.01,806.884,393.116,519.371,680.629,100.0,100.0
127.722,202,133.072,809.441,390.559,522.909,677.091,100.0,100.0
127.815,202,133.072,809.441,390.559,522.909,677.091,100.0,100.0
127.884,202,133.072,809.441,390.559,522.909,677.091,100.0,100.0
127.907,202,133.072,809.441,390.559,522.909,677.091,100.0,100.0
127.944,202,133.072,809.441,390.559,522.909,677.091,100.0,100.0
127.993,202,133.072,809.441,390.559,522.909,677.091,100.0,100.0
128.033,202,133.072,809.441,390.559,522.909,677.091,100.0,100.0
128.06,202,133.072,809.441,390.559,522.909,677.091,100.0,100.0
128.128,202,133.072,809.441,390.559,522.909,677.091,100.0,100.0
128.179,202,133.072,809.441,390.559,522.909,677.091,100.0,100.0
128.205,202,135.281,818.765,381.235,525.873,674.127,100.0,100.0
128.274,202,119.619,829.327,370.673,554.208,645.792,100.0,100.0
128.33,202,115.392,826.905,373.095,557.754,642.246,100.0,100.0
128.386,202,114.997,826.678,373.322,558.086,641.914,100.0,100.0
128.428,202,114.997,826.678,373.322,558.086,641.914,100.0,100.0
128.469,202,114.997,826.678,373.322,558.086,641.914,100.0,100.0
128.508,202,114.997,826.678,373.322,558.086,641.914,100.0,100.0
128.548,202,114.997,826.678,373.322,558.086,641.914,100.0,100.0
128.585,202,114.997,826.678,373.322,558.086,641.914,100.0,100.0
128.625,202,114.997,826.678,373.322,558.086,641.914,100.0,100.0
128.665,202,114.997,826.678,373.322,558.086,641.914,100.0,100.0
128.705,202,114.997,826.678,373.322,558.086,641.914,100.0,100.0
128.742,202,114.997,826.678,373.322,558.086,641.914,100.0,100.0
128.776,0,114.997,826.678,373.322,558.086,641.914,100.0,100.0
128.809,0,114.997,826.678,373.322,558.086,641.914,100.0,100.0
128.845,0,137.881,835.169,364.831,534.821,665.179,100.0,100.0
128.884,0,158.84,842.768,357.232,514.0,686.0,100.0,100.0
128.923,0,173.594,848.053,351.947,499.518,700.482,100.0,100.0
128.96,0,182.982,851.395,348.605,490.36,709.64,100.0,100.0
128.997,0,186.6,852.68,347.32,486.839,713.161,100.0,100.0
129.033,0,186.6,852.68,347.32,486.839,713.161,100.0,100.0
129.068,0,186.6,852.68,347.32,486.839,713.161,100.0,100.0
129.105,0,186.6,852.68,347.32,486.839,713.161,100.0,100.0
129.143,0,186.6,852.68,347.32,486.839,713.161,100.0,100.0
129.179,0,186.6,852.68,347.32,486.839,713.161,100.0,100.0
129.208,0,186.6,852.68,347.32,486.839,713.161,100.0,100.0
129.255,0,186.6,852.68,347.32,486.839,713.161,100.0,100.0
129.299,0,186.6,852.68,347.32,486.839,713.161,100.0,100.0
129.338,0,186.6,852.68,347.32,486.839,713.161,100.0,100.0
129.5,0,186.6,852.68,347.32,486.839,713.161,100.0,100.0
129.54,0,186.6,852.68,347.32,486.839,713.161,100.0,100.0
129.576,0,186.6,852.68,347.32,486.839,713.161,100.0,100.0
129.611,0,186.6,852.68,347.32,486.839,713.161,100.0,100.0
129.645,0,209.883,860.909,339.091,464.291,735.709,100.0,100.0
129.68,0,229.796,867.907,332.093,445.118,754.882,100.0,100.0
129.72,0,245.476,873.396,326.604,430.076,769.924,100.0,100.0
129.754,0,253.815,876.31,323.69,422.093,777.907,100.0,100.0
129.788,0,257.138,877.47,322.53,418.915,781.085,100.0,100.0
129.822,0,257.138,877.47,322.53,418.915,781.085,100.0,100.0
129.86,0,247.493,873.828,326.172,427.979,772.021,100.0,100.0
129.896,0,224.793,865.235,334.765,449.348,750.652,100.0,100.0
129.936,0,214.493,861.324,338.676,459.065,740.935,100.0,100.0
129.965,0,194.369,853.895,346.105,478.255,721.745,100.0,100.0
130.012,0,166.238,843.777,356.223,505.506,694.494,100.0,100.0
130.046,0,154.277,839.365,360.635,517.14,682.86,100.0,100.0
130.082,0,130.084,837.282,362.718,520.37,679.63,100.0,100.0
130.115,0,130.055,817.279,382.721,532.327,667.673,100.0,100.0
130.157,0,130.055,817.279,382.721,532.327,667.673,100.0,100.0
130.194,0,130.055,817.279,382.721,532.327,667.673,100.0,100.0
130.231,0,130.055,817.279,382.721,532.327,667.673,100.0,100.0
130.271,0,130.055,817.279,382.721,532.327,667.673,100.0,100.0
130.305,0,130.055,817.279,382.721,532.327,667.673,100.0,100.0
130.35,0,130.055,817.279,382.721,532.327,667.673,100.0,100.0
130.387,0,130.055,817.279,382.721,532.327,667.673,100.0,100.0
130.426,0,130.055,817.279,382.721,532.327,667.673,100.0,100.0
130.465,0,130.055,817.279,382.721,532.327,667.673,100.0,100.0
130.5,0,130.055,817.279,382.721,532.327,667.673,100.0,100.0
130.538,0,130.055,817.279,382.721,532.327,667.673,100.0,100.0
130.578,0,130.055,817.279,382.721,532.327,667.673,100.0,100.0
130.613,0,130.055,817.279,382.721,532.327,667.673,100.0,100.0
130.652,0,130.055,817.279,382.721,532.327,667.673,100.0,100.0
130.692,0,130.055,817.279,382.721,532.327,667.673,100.0,100.0
130.734,0,129.806,817.196,382.804,532.57,667.43,100.0,100.0
130.776,0,175.819,859.901,340.099,507.204,692.796,100.0,100.0
130.814,0,174.819,858.712,341.288,507.506,692.494,100.0,100.0
130.856,0,174.314,858.108,341.892,507.659,692.341,100.0,100.0
130.907,0,174.314,858.108,341.892,507.659,692.341,100.0,100.0
130.949,0,174.314,858.108,341.892,507.659,692.341,100.0,100.0
131.012,0,174.314,858.108,341.892,507.659,692.341,100.0,100.0
131.064,0,166.479,850.57,349.43,511.594,688.406,100.0,100.0
131.09,0,160.354,842.598,357.402,513.132,686.868,100.0,100.0
131.133,0,147.918,827.882,372.118,517.924,682.076,100.0,100.0
131.178,0,144.987,825.059,374.941,519.572,680.428,100.0,100.0
131.222,0,135.625,815.9,384.1,524.877,675.123,100.0,100.0
131.286,0,132.906,812.475,387.525,526.01,673.99,100.0,100.0
131.319,0,134.024,810.799,389.201,523.775,676.225,100.0,100.0
131.358,0,134.878,809.393,390.607,522.038,677.962,100.0,100.0
131.401,0,135.921,807.571,392.429,519.909,680.091,100.0,100.0
131.437,0,135.928,807.558,392.442,519.895,680.105,100.0,100.0
131.529,0,137.847,803.984,396.016,516.019,683.981,100.0,100.0
131.571,0,139.32,800.589,399.411,512.893,687.107,100.0,100.0
131.605,0,139.26,800.496,399.504,512.917,687.083,100.0,100.0
131.636,0,138.87,799.779,400.221,513.037,686.963,100.0,100.0
131.674,0,138.585,799.553,400.447,513.252,686.748,100.0,100.0
131.716,0,138.599,799.399,400.601,513.171,686.829,100.0,100.0
131.781,0,138.567,799.34,400.66,513.181,686.819,100.0,100.0
131.824,0,138.81,798.695,401.305,512.65,687.35,100.0,100.0
131.862,0,138.811,798.683,401.317,512.645,687.355,100.0,100.0
131.9,0,139.01,798.08,401.92,512.183,687.817,100.0,100.0
131.938,0,139.032,798.018,401.982,512.135,687.865,100.0,100.0
131.977,0,139.145,797.7,402.3,511.884,688.116,100.0,100.0
132.015,0,139.165,797.646,402.354,511.842,688.158,100.0,100.0
132.058,0,139.504,796.692,403.308,511.099,688.901,100.0,100.0
132.096,0,139.504,796.692,403.308,511.099,688.901,100.0,100.0
132.132,0,140.044,795.124,404.876,509.919,690.081,100.0,100.0
132.172,0,140.159,794.76,405.24,509.66,690.34,100.0,100.0
132.212,0,162.805,818.753,381.247,495.439,704.561,100.0,100.0
132.252,0,176.848,832.886,367.114,487.062,712.938,100.0,100.0
132.296,0,192.269,847.984,352.016,478.112,721.888,100.0,100.0
132.375,0,196.678,852.239,347.761,475.591,724.409,100.0,100.0
132.415,0,196.678,852.239,347.761,475.591,724.409,100.0,100.0
132.455,0,196.678,852.239,347.761,475.591,724.409,100.0,100.0
132.491,0,196.678,852.239,347.761,475.591,724.409,100.0,100.0
132.523,0,196.678,852.239,347.761,475.591,724.409,100.0,100.0
132.566,0,196.678,852.239,347.761,475.591,724.409,100.0,100.0
132.611,0,196.678,852.239,347.761,475.591,724.409,100.0,100.0
132.655,0,196.678,852.239,347.761,475.591,724.409,100.0,100.0
132.696,0,196.678,852.239,347.761,475.591,724.409,100.0,100.0
132.736,0,196.678,852.239,347.761,475.591,724.409,100.0,100.0
132.776,3,196.986,855.18,344.82,477.149,722.851,100.0,100.0
132.814,3,197.706,860.643,339.357,480.045,719.955,100.0,100.0
132.855,3,199.265,869.453,330.547,484.714,715.286,100.0,100.0
132.897,3,201.922,880.58,319.42,490.612,709.388,100.0,100.0
132.942,3,205.606,892.552,307.448,496.958,703.042,100.0,100.0
133.229,3,245.617,968.433,231.567,537.177,662.823,100.0,100.0
133.262,3,250.955,976.769,223.231,542.769,657.231,100.0,100.0
133.316,2,254.556,986.539,213.461,558.162,641.838,100.0,100.0
133.406,2,252.602,993.927,206.073,593.457,606.543,100.0,100.0
133.459,2,251.765,996.196,203.804,614.406,585.594,100.0,100.0
133.508,2,251.785,997.526,202.474,633.936,566.064,100.0,100.0
133.563,2,252.788,998.175,201.825,656.134,543.866,100.0,100.0
133.62,203,253.276,998.28,201.72,661.565,538.435,100.0,100.0
133.672,203,253.276,998.28,201.72,661.565,538.435,100.0,100.0
133.724,203,253.276,998.28,201.72,661.565,538.435,100.0,100.0
133.781,203,253.276,998.28,201.72,661.565,538.435,100.0,100.0
133.831,203,253.276,998.28,201.72,661.565,538.435,100.0,100.0
133.882,203,253.276,998.28,201.72,661.565,538.435,100.0,100.0
133.935,203,253.276,998.28,201.72,661.565,538.435,100.0,100.0
133.986,203,253.276,998.28,201.72,661.565,538.435,100.0,100.0
134.035,203,253.276,998.28,201.72,661.565,538.435,100.0,100.0
134.087,203,253.276,998.28,201.72,661.565,538.435,100.0,100.0
134.135,203,253.276,998.28,201.72,661.565,538.435,100.0,100.0
134.18,203,253.276,998.28,201.72,661.565,538.435,100.0,100.0
134.254,203,253.276,998.28,201.72,661.565,538.435,100.0,100.0
134.325,203,253.276,998.28,201.72,661.565,538.435,100.0,100.0
134.405,203,253.276,998.28,201.72,661.565,538.435,100.0,100.0
134.482,0,253.276,998.28,201.72,661.565,538.435,100.0,100.0
134.517,102,253.276,998.28,201.72,661.565,538.435,100.0,100.0
134.568,102,253.276,998.28,201.72,661.565,538.435,100.0,100.0
134.623,102,253.276,998.28,201.72,661.565,538.435,100.0,100.0
134.668,102,253.276,998.28,201.72,661.565,538.435,100.0,100.0
134.717,102,253.276,998.28,201.72,661.565,538.435,100.0,100.0
134.776,102,253.276,998.28,201.72,661.565,538.435,100.0,100.0
134.846,102,253.276,998.28,201.72,661.565,538.435,100.0,100.0
134.907,102,253.276,998.28,201.72,661.565,538.435,100.0,100.0
134.973,102,239.576,981.247,218.753,685.504,514.496,100.0,100.0
135.024,102,183.126,895.12,304.88,747.072,452.928,100.0,100.0
135.074,102,173.395,841.173,358.827,785.84,414.16,100.0,100.0
135.126,102,197.577,759.72,440.28,838.093,361.907,100.0,100.0
135.194,102,228.234,696.358,503.642,863.81,336.19,100.0,100.0
135.291,102,295.864,587.179,612.821,890.728,309.272,100.0,100.0
135.371,102,377.645,491.664,708.336,920.307,279.693,100.0,100.0
135.428,102,392.902,474.864,725.136,925.51,274.49,100.0,100.0
135.481,102,394.104,473.549,726.451,925.917,274.083,100.0,100.0
135.541,102,394.104,473.549,726.451,925.917,274.083,100.0,100.0
135.594,2,394.777,470.08,729.92,923.502,276.498,100.0,100.0
135.646,2,395.949,462.446,737.554,917.524,282.476,100.0,100.0
135.693,2,397.272,451.553,748.447,907.875,292.125,100.0,100.0
135.737,2,398.784,438.908,761.093,895.604,304.396,100.0,100.0
135.783,102,399.222,436.117,763.883,892.896,307.104,100.0,100.0
135.83,102,399.222,436.117,763.883,892.896,307.104,100.0,100.0
135.87,102,399.222,436.117,763.883,892.896,307.104,100.0,100.0
135.911,102,395.823,436.117,763.883,892.896,307.104,100.0,100.0
135.95,102,389.446,436.117,763.883,892.896,307.104,100.0,100.0
135.988,102,381.803,436.117,763.883,892.896,307.104,100.0,100.0
136.028,102,373.81,436.117,763.883,892.896,307.104,100.0,100.0
136.065,102,366.432,436.117,763.883,892.896,307.104,100.0,100.0
136.1,102,359.369,436.117,763.883,892.896,307.104,100.0,100.0
136.138,102,356.666,431.267,768.733,894.587,305.413,100.0,100.0
136.176,102,351.383,422.099,777.901,886.605,313.395,100.0,100.0
136.217,102,351.74,391.151,808.849,854.99,345.01,100.0,100.0
136.258,102,359.333,355.728,844.272,818.111,381.889,100.0,100.0
136.295,102,375.186,319.039,880.961,780.236,419.764,100.0,100.0
136.36,102,397.249,274.937,925.063,732.219,467.781,100.0,100.0
136.397,102,416.718,246.011,953.989,693.242,506.758,100.0,100.0
136.464,102,450.581,205.831,994.169,610.895,589.105,100.0,100.0
136.506,102,465.03,190.458,1009.54,574.385,625.615,100.0,100.0
136.547,102,480.981,175.312,1024.69,540.231,659.769,100.0,100.0
136.592,102,478.708,171.255,1028.75,531.082,668.918,100.0,100.0
136.633,102,471.485,170.709,1029.29,529.853,670.147,100.0,100.0
136.676,102,462.717,170.709,1029.29,529.853,670.147,100.0,100.0
136.718,102,454.494,170.709,1029.29,529.853,670.147,100.0,100.0
136.759,102,446.212,170.709,1029.29,529.853,670.147,100.0,100.0
136.803,1,434.083,174.56,1025.44,528.851,671.149,100.0,100.0
136.847,1,418.318,182.398,1017.6,527.509,672.491,100.0,100.0
136.888,1,400.128,193.285,1006.71,526.607,673.393,100.0,100.0
136.93,1,378.317,207.772,992.228,526.456,673.544,100.0,100.0
136.966,1,356.67,223.033,976.967,527.034,672.966,100.0,100.0
137.006,203,343.922,228.209,971.791,527.23,672.77,100.0,100.0
137.049,203,335.198,228.209,971.791,527.23,672.77,100.0,100.0
137.096,203,325.953,228.209,971.791,527.23,672.77,100.0,100.0
137.142,203,316.713,228.209,971.791,527.23,672.77,100.0,100.0
137.182,203,308.691,228.209,971.791,527.23,672.77,100.0,100.0
137.223,203,300.382,228.209,971.791,527.23,672.77,100.0,100.0
137.261,203,292.887,228.209,971.791,527.23,672.77,100.0,100.0
137.299,203,285.234,228.209,971.791,527.23,672.77,100.0,100.0
137.334,203,278.265,228.209,971.791,527.23,672.77,100.0,100.0
137.372,203,270.576,228.209,971.791,527.23,672.77,100.0,100.0
137.411,203,262.754,228.209,971.791,527.23,672.77,100.0,100.0
137.45,203,255.03,228.209,971.791,527.23,672.77,100.0,100.0
137.489,203,247.207,228.209,971.791,527.23,672.77,100.0,100.0
137.547,203,235.681,228.209,971.791,527.23,672.77,100.0,100.0
137.623,203,220.51,228.209,971.791,527.23,672.77,100.0,100.0
137.696,203,205.784,228.209,971.791,527.23,672.77,100.0,100.0
137.783,203,188.407,228.209,971.791,527.23,672.77,100.0,100.0
137.856,203,173.808,228.209,971.791,527.23,672.77,100.0,100.0
137.891,203,166.843,228.209,971.791,527.23,672.77,100.0,100.0
137.929,203,159.208,228.209,971.791,527.23,672.77,100.0,100.0
137.981,203,148.879,228.209,971.791,527.23,672.77,100.0,100.0
138.03,203,139.112,228.209,971.791,527.23,672.77,100.0,100.0
138.087,203,127.737,228.209,971.791,527.23,672.77,100.0,100.0
138.131,203,127.737,228.209,971.791,527.23,672.77,100.0,100.0
138.185,203,127.737,228.209,971.791,527.23,672.77,100.0,100.0
138.231,203,127.737,228.209,971.791,527.23,672.77,100.0,100.0
138.275,203,122.523,233.133,966.867,528.962,671.038,100.0,100.0
138.342,203,111.041,243.967,956.033,532.811,667.189,100.0,100.0
138.398,203,77.0214,276.735,923.265,542.818,657.182,100.0,100.0
138.445,203,77.0214,276.735,923.265,542.818,657.182,100.0,100.0
138.488,203,77.0115,276.867,923.133,542.561,657.439,100.0,100.0
138.535,0,76.8757,276.993,923.007,542.612,657.388,100.0,100.0
138.586,0,76.1719,277.711,922.289,542.742,657.258,100.0,100.0
138.635,0,76.1098,277.766,922.234,542.769,657.231,100.0,100.0
138.679,0,76.1098,277.766,922.234,542.769,657.231,100.0,100.0
138.727,0,76.1098,277.766,922.234,542.769,657.231,100.0,100.0
138.774,0,76.1098,277.766,922.234,542.769,657.231,100.0,100.0
138.819,0,76.1098,277.766,922.234,542.769,657.231,100.0,100.0
138.86,0,76.1098,277.766,922.234,542.769,657.231,100.0,100.0
138.898,5,78.9229,275.228,924.772,541.557,658.443,100.0,100.0
138.938,5,85.3026,269.471,930.529,538.807,661.193,100.0,100.0
138.983,5,96.5035,259.364,940.636,533.98,666.02,100.0,100.0
139.024,5,109.033,248.058,951.942,528.579,671.421,100.0,100.0
139.063,4,120.092,239.912,960.088,520.138,679.862,100.0,100.0
139.105,4,130.909,233.44,966.56,509.487,690.513,100.0,100.0
139.146,4,141.101,228.52,971.48,498.09,701.91,100.0,100.0
139.188,4,150.962,224.731,975.269,486.267,713.733,100.0,100.0
139.231,4,161.044,221.75,978.25,473.659,726.341,100.0,100.0
139.271,4,170.364,219.699,980.301,461.732,738.268,100.0,100.0
139.314,4,180.107,218.258,981.742,449.055,750.945,100.0,100.0
139.358,4,190.115,217.47,982.53,435.896,764.104,100.0,100.0
139.402,4,200.25,217.346,982.654,422.491,777.509,100.0,100.0
139.446,4,210.197,217.847,982.153,409.302,790.698,100.0,100.0
139.487,4,219.338,218.817,981.183,397.19,802.81,100.0,100.0
139.528,4,228.566,220.29,979.71,384.975,815.025,100.0,100.0
139.569,4,232.776,212.227,987.773,385.387,814.613,100.0,100.0
139.632,4,233.334,211.187,988.813,385.44,814.56,100.0,100.0
139.675,4,233.334,211.187,988.813,385.44,814.56,100.0,100.0
139.717,4,233.334,211.187,988.813,385.44,814.56,100.0,100.0
139.758,4,233.334,211.187,988.813,385.44,814.56,100.0,100.0
139.794,4,233.334,211.187,988.813,385.44,814.56,100.0,100.0
139.836,4,233.334,211.187,988.813,385.44,814.56,100.0,100.0
139.877,4,233.334,211.187,988.813,385.44,814.56,100.0,100.0
139.916,4,233.334,211.187,988.813,385.44,814.56,100.0,100.0
139.953,4,233.334,211.187,988.813,385.44,814.56,100.0,100.0
139.989,4,233.334,211.187,988.813,385.44,814.56,100.0,100.0
140.027,4,233.334,211.187,988.813,385.44,814.56,100.0,100.0
140.068,4,233.334,211.187,988.813,385.44,814.56,100.0,100.0
140.105,4,233.334,211.187,988.813,385.44,814.56,100.0,100.0
140.145,5,236.58,209.305,990.695,382.795,817.205,100.0,100.0
140.183,5,242.593,205.82,994.18,377.895,822.105,100.0,100.0
140.222,5,251.971,200.384,999.616,370.254,829.746,100.0,100.0
140.265,5,264.966,192.851,1007.15,359.665,840.335,100.0,100.0
140.305,5,276.91,185.927,1014.07,349.932,850.068,100.0,100.0
140.346,105,279.701,184.31,1015.69,347.658,852.342,100.0,100.0
140.389,105,279.701,184.31,1015.69,347.658,852.342,100.0,100.0
140.432,105,279.701,184.31,1015.69,347.658,852.342,100.0,100.0
140.474,105,279.701,184.31,1015.69,347.658,852.342,100.0,100.0
140.518,105,279.701,184.31,1015.69,347.658,852.342,100.0,100.0
140.562,105,279.701,184.31,1015.69,347.658,852.342,100.0,100.0
140.601,105,279.701,184.31,1015.69,347.658,852.342,100.0,100.0
140.638,105,279.701,184.31,1015.69,347.658,852.342,100.0,100.0
140.679,105,279.701,184.31,1015.69,347.658,852.342,100.0,100.0
140.721,105,276.875,190.235,1009.77,346.972,853.028,100.0,100.0
140.763,105,259.659,202.35,997.65,359.564,840.436,100.0,100.0
140.803,105,199.353,241.788,958.212,405.9,794.1,100.0,100.0
140.839,105,151.841,272.877,927.123,442.744,757.256,100.0,100.0
140.885,105,86.2053,314.051,885.949,495.685,704.315,100.0,100.0
140.951,105,77.1607,323.58,876.42,501.877,698.123,100.0,100.0
140.987,105,77.0586,323.668,876.332,501.957,698.044,100.0,100.0
141.022,105,77.7939,313.037,886.963,505.317,694.683,100.0,100.0
141.055,105,77.5006,304.567,895.433,510.36,689.64,100.0,100.0
141.092,105,77.0242,301.522,898.478,513.005,686.995,100.0,100.0
141.126,105,76.4878,298.993,901.007,515.582,684.418,100.0,100.0
141.166,105,76.5945,297.263,902.737,516.853,683.147,100.0,100.0
141.204,105,76.5945,297.263,902.737,516.853,683.147,100.0,100.0
141.242,105,76.5945,297.263,902.737,516.853,683.147,100.0,100.0
141.283,105,76.5945,297.263,902.737,516.853,683.147,100.0,100.0
141.324,105,76.5945,297.263,902.737,516.853,683.147,100.0,100.0
141.36,105,76.5945,297.263,902.737,516.853,683.147,100.0,100.0
141.399,105,76.5945,297.263,902.737,516.853,683.147,100.0,100.0
141.435,105,76.5945,297.263,902.737,516.853,683.147,100.0,100.0
141.472,105,76.5945,297.263,902.737,516.853,683.147,100.0,100.0
141.511,105,76.5945,297.263,902.737,516.853,683.147,100.0,100.0
141.549,105,76.5945,297.263,902.737,516.853,683.147,100.0,100.0
141.584,105,76.5945,297.263,902.737,516.853,683.147,100.0,100.0
141.693,105,76.5945,297.263,902.737,516.853,683.147,100.0,100.0
141.727,105,76.5945,297.263,902.737,516.853,683.147,100.0,100.0
141.763,105,76.5945,297.263,902.737,516.853,683.147,100.0,100.0
141.795,105,76.6212,298.89,901.11,515.494,684.506,100.0,100.0
141.831,105,76.6789,301.296,898.704,513.594,686.406,100.0,100.0
141.866,105,76.9594,306.688,893.312,509.677,690.323,100.0,100.0
141.902,105,77.1058,310.931,889.069,507.132,692.868,100.0,100.0
141.942,105,77.5398,318.976,881.024,503.061,696.939,100.0,100.0
141.988,105,77.0579,320.69,879.31,502.946,697.054,100.0,100.0
142.03,105,77.2191,315.868,884.132,504.665,695.335,100.0,100.0
142.069,105,77.2611,309.747,890.253,507.583,692.417,100.0,100.0
142.106,105,78.1151,297.846,902.154,514.415,685.585,100.0,100.0
142.146,105,77.0349,295.219,904.781,518.037,681.963,100.0,100.0
142.19,105,77.0301,290.656,909.344,522.456,677.544,100.0,100.0
142.228,105,77.0448,290.51,909.49,522.589,677.411,100.0,100.0
142.268,105,77.0448,290.51,909.49,522.589,677.411,100.0,100.0
142.304,105,77.0448,290.51,909.49,522.589,677.411,100.0,100.0
142.343,105,77.0448,290.51,909.49,522.589,677.411,100.0,100.0
142.381,105,77.0448,290.51,909.49,522.589,677.411,100.0,100.0
142.425,105,77.0448,290.51,909.49,522.589,677.411,100.0,100.0
142.517,105,77.0448,290.51,909.49,522.589,677.411,100.0,100.0
142.559,105,77.0448,290.51,909.49,522.589,677.411,100.0,100.0
142.599,105,77.0448,290.51,909.49,522.589,677.411,100.0,100.0
142.637,105,77.0448,290.51,909.49,522.589,677.411,100.0,100.0
142.671,105,77.0448,290.51,909.49,522.589,677.411,100.0,100.0
142.709,0,77.0448,290.51,909.49,522.589,677.411,100.0,100.0
142.746,0,77.0448,290.51,909.49,522.589,677.411,100.0,100.0
142.783,0,102.854,271.772,928.228,504.84,695.16,100.0,100.0
142.817,0,122.715,257.353,942.647,491.182,708.818,100.0,100.0
142.857,0,138.644,245.788,954.212,480.227,719.773,100.0,100.0
142.897,0,147.97,239.018,960.982,473.814,726.186,100.0,100.0
142.935,0,151.825,236.219,963.781,471.163,728.837,100.0,100.0
142.975,0,151.825,236.219,963.781,471.163,728.837,100.0,100.0
143.012,0,151.825,236.219,963.781,471.163,728.837,100.0,100.0
143.048,0,151.825,236.219,963.781,471.163,728.837,100.0,100.0
143.088,0,151.825,236.219,963.781,471.163,728.837,100.0,100.0
143.125,0,151.825,236.219,963.781,471.163,728.837,100.0,100.0
143.161,0,151.825,236.219,963.781,471.163,728.837,100.0,100.0
143.196,0,151.825,236.219,963.781,471.163,728.837,100.0,100.0
143.229,0,151.825,236.219,963.781,471.163,728.837,100.0,100.0
143.263,0,151.825,236.219,963.781,471.163,728.837,100.0,100.0
143.302,0,151.825,236.219,963.781,471.163,728.837,100.0,100.0
143.337,0,151.825,236.219,963.781,471.163,728.837,100.0,100.0
143.381,0,151.825,236.219,963.781,471.163,728.837,100.0,100.0
143.418,0,151.825,236.219,963.781,471.163,728.837,100.0,100.0
143.458,0,151.825,236.219,963.781,471.163,728.837,100.0,100.0
143.494,0,151.825,236.219,963.781,471.163,728.837,100.0,100.0
143.531,0,178.188,217.079,982.921,453.033,746.967,100.0,100.0
143.567,0,196.913,203.485,996.515,440.156,759.844,100.0,100.0
143.605,0,212.027,192.513,1007.49,429.763,770.237,100.0,100.0
143.643,0,221.94,185.316,1014.68,422.946,777.054,100.0,100.0
143.679,0,225.533,182.707,1017.29,420.474,779.526,100.0,100.0
143.72,0,225.533,182.707,1017.29,420.474,779.526,100.0,100.0
143.754,0,225.533,182.707,1017.29,420.474,779.526,100.0,100.0
143.79,0,225.533,182.707,1017.29,420.474,779.526,100.0,100.0
143.83,0,225.533,182.707,1017.29,420.474,779.526,100.0,100.0
143.866,0,225.533,182.707,1017.29,420.474,779.526,100.0,100.0
143.903,0,225.533,182.707,1017.29,420.474,779.526,100.0,100.0
143.941,0,225.533,182.707,1017.29,420.474,779.526,100.0,100.0
143.98,0,225.533,182.707,1017.29,420.474,779.526,100.0,100.0
144.015,0,225.533,182.707,1017.29,420.474,779.526,100.0,100.0
144.054,203,225.533,182.707,1017.29,420.474,779.526,100.0,100.0
144.09,203,225.533,182.707,1017.29,420.474,779.526,100.0,100.0
144.131,203,225.533,182.707,1017.29,420.474,779.526,100.0,100.0
144.174,203,225.533,182.707,1017.29,420.474,779.526,100.0,100.0
144.21,203,225.533,182.707,1017.29,420.474,779.526,100.0,100.0
144.248,203,225.533,182.707,1017.29,420.474,779.526,100.0,100.0
144.288,203,225.533,182.707,1017.29,420.474,779.526,100.0,100.0
144.329,203,225.533,182.707,1017.29,420.474,779.526,100.0,100.0
144.367,203,225.533,182.707,1017.29,420.474,779.526,100.0,100.0
144.403,203,225.533,182.707,1017.29,420.474,779.526,100.0,100.0
144.439,203,225.533,182.707,1017.29,420.474,779.526,100.0,100.0
144.48,203,225.533,182.707,1017.29,420.474,779.526,100.0,100.0
144.516,203,225.533,182.707,1017.29,420.474,779.526,100.0,100.0
144.556,203,225.533,182.707,1017.29,420.474,779.526,100.0,100.0
144.592,203,225.533,182.707,1017.29,420.474,779.526,100.0,100.0
144.63,203,225.533,182.707,1017.29,420.474,779.526,100.0,100.0
144.668,203,225.533,182.707,1017.29,420.474,779.526,100.0,100.0
144.706,203,225.533,182.707,1017.29,420.474,779.526,100.0,100.0
144.742,203,225.533,182.707,1017.29,420.474,779.526,100.0,100.0
144.784,203,225.533,182.707,1017.29,420.474,779.526,100.0,100.0
144.827,203,225.533,182.707,1017.29,420.474,779.526,100.0,100.0
144.868,203,225.533,182.707,1017.29,420.474,779.526,100.0,100.0
144.91,203,225.533,182.707,1017.29,420.474,779.526,100.0,100.0
144.95,203,225.533,182.707,1017.29,420.474,779.526,100.0,100.0
144.992,203,225.533,182.707,1017.29,420.474,779.526,100.0,100.0
145.03,203,225.533,182.707,1017.29,420.474,779.526,100.0,100.0
145.066,203,225.533,182.707,1017.29,420.474,779.526,100.0,100.0
145.105,0,225.533,182.707,1017.29,420.474,779.526,100.0,100.0
145.141,0,225.533,182.707,1017.29,420.474,779.526,100.0,100.0
145.18,0,225.533,182.707,1017.29,420.474,779.526,100.0,100.0
145.213,0,225.533,182.707,1017.29,420.474,779.526,100.0,100.0
145.247,0,228.07,176.324,1023.68,423.668,776.332,100.0,100.0
145.282,0,228.408,175.508,1024.49,424.076,775.924,100.0,100.0
145.317,0,228.408,175.508,1024.49,424.076,775.924,100.0,100.0
145.348,0,228.408,175.508,1024.49,424.076,775.924,100.0,100.0
145.388,0,228.408,175.508,1024.49,424.076,775.924,100.0,100.0
145.425,0,228.408,175.508,1024.49,424.076,775.924,100.0,100.0
145.464,0,228.408,175.508,1024.49,424.076,775.924,100.0,100.0
145.502,0,228.408,175.508,1024.49,424.076,775.924,100.0,100.0
145.541,0,228.408,175.508,1024.49,424.076,775.924,100.0,100.0
145.582,0,228.408,175.508,1024.49,424.076,775.924,100.0,100.0
145.618,0,228.408,175.508,1024.49,424.076,775.924,100.0,100.0
145.653,0,228.408,175.508,1024.49,424.076,775.924,100.0,100.0
145.691,0,228.408,175.508,1024.49,424.076,775.924,100.0,100.0
145.729,0,228.408,175.508,1024.49,424.076,775.924,100.0,100.0
145.768,0,228.408,175.508,1024.49,424.076,775.924,100.0,100.0
145.808,4,230.783,175.307,1024.69,420.74,779.26,100.0,100.0
145.85,4,235.852,174.93,1025.07,413.68,786.32,100.0,100.0
145.886,4,242.167,174.573,1025.43,404.969,795.031,100.0,100.0
145.922,4,250.132,174.312,1025.69,394.087,805.913,100.0,100.0
145.96,4,258.407,174.294,1025.71,382.86,817.14,100.0,100.0
146.0,4,267.332,174.601,1025.4,370.789,829.211,100.0,100.0
146.061,4,280.952,175.622,1024.38,352.517,847.483,100.0,100.0
146.101,4,289.823,176.756,1023.24,340.619,859.381,100.0,100.0
146.134,4,297.222,177.96,1022.04,330.717,869.283,100.0,100.0
146.167,4,304.597,179.408,1020.59,320.86,879.14,100.0,100.0
146.201,4,312.088,181.122,1018.88,310.87,889.13,100.0,100.0
146.237,4,320.109,183.224,1016.78,300.202,899.798,100.0,100.0
146.274,4,328.215,185.611,1014.39,289.464,910.536,100.0,100.0
146.312,4,336.515,188.324,1011.68,278.519,921.481,100.0,100.0
146.352,4,345.325,191.495,1008.51,266.963,933.037,100.0,100.0
146.393,4,354.373,195.049,1004.95,255.167,944.833,100.0,100.0
146.431,3,359.653,202.173,997.827,246.125,953.875,100.0,100.0
146.468,3,362.834,210.704,989.296,239.086,960.914,100.0,100.0
146.506,3,364.922,220.339,979.661,233.132,966.868,100.0,100.0
146.543,3,366.336,230.231,969.769,228.158,971.842,100.0,100.0
146.58,3,367.4,240.525,959.475,223.771,976.229,100.0,100.0
146.619,3,368.287,251.509,948.491,219.731,980.269,100.0,100.0
146.657,3,369.049,262.536,937.464,216.188,983.812,100.0,100.0
146.696,3,369.749,273.739,926.261,213.042,986.958,100.0,100.0
146.734,3,370.403,284.821,915.179,210.332,989.668,100.0,100.0
146.774,3,371.055,296.403,903.597,207.907,992.093,100.0,100.0
146.813,3,371.692,307.951,892.049,205.879,994.121,100.0,100.0
146.854,3,372.347,320.136,879.864,204.155,995.845,100.0,100.0
146.892,3,372.968,331.611,868.389,202.9,997.1,100.0,100.0
146.934,3,373.622,344.0,856.0,201.958,998.042,100.0,100.0
146.97,3,374.214,354.977,845.023,201.456,998.544,100.0,100.0
147.008,3,374.819,366.37,833.63,201.284,998.716,100.0,100.0
147.048,3,375.443,378.261,821.739,201.48,998.52,100.0,100.0
147.085,3,376.035,389.387,810.613,201.998,998.002,100.0,100.0
147.123,3,376.637,400.809,799.191,202.879,997.121,100.0,100.0
147.161,3,377.239,412.201,787.799,204.108,995.892,100.0,100.0
147.202,3,374.529,424.202,775.798,205.791,994.209,100.0,100.0
147.259,3,365.769,441.151,758.849,208.724,991.276,100.0,100.0
147.3,3,358.328,453.073,746.927,211.325,988.675,100.0,100.0
147.337,3,351.56,463.841,736.159,214.042,985.958,100.0,100.0
147.372,3,345.195,473.893,726.107,216.907,983.093,100.0,100.0
147.408,3,338.647,484.135,715.865,220.173,979.827,100.0,100.0
147.442,3,332.395,493.833,706.167,223.593,976.407,100.0,100.0
147.479,3,325.639,504.186,695.814,227.627,972.373,100.0,100.0
147.515,3,318.988,514.265,685.735,231.94,968.06,100.0,100.0
147.55,4,315.953,524.642,675.358,233.102,966.898,100.0,100.0
147.586,4,314.67,535.335,664.665,232.548,967.452,100.0,100.0
147.623,4,314.343,546.312,653.688,231.048,968.952,100.0,100.0
147.66,4,314.53,557.154,642.846,229.175,970.825,100.0,100.0
147.699,4,315.025,568.685,631.315,227.075,972.925,100.0,100.0
147.736,4,315.641,579.652,620.348,225.156,974.844,100.0,100.0
147.774,4,316.35,590.921,609.079,223.359,976.641,100.0,100.0
147.81,4,317.077,601.844,598.156,221.828,978.172,100.0,100.0
147.847,4,317.826,612.826,587.174,220.527,979.473,100.0,100.0
147.884,4,318.587,623.849,576.151,219.471,980.529,100.0,100.0
147.925,4,319.427,636.016,563.984,218.609,981.391,100.0,100.0
147.964,4,320.241,647.713,552.287,218.072,981.928,100.0,100.0
148.004,4,321.071,659.639,540.361,217.825,982.175,100.0,100.0
148.041,4,321.857,670.895,529.105,217.865,982.135,100.0,100.0
148.076,4,322.586,681.284,518.716,218.136,981.864,100.0,100.0
148.115,4,323.402,693.033,506.967,218.734,981.266,100.0,100.0
148.151,4,324.156,703.813,496.187,219.534,980.466,100.0,100.0
148.187,4,324.905,714.511,485.489,220.575,979.425,100.0,100.0
148.226,4,325.706,726.001,473.999,221.975,978.025,100.0,100.0
148.264,4,326.499,737.332,462.668,223.633,976.367,100.0,100.0
148.303,4,327.315,748.969,451.031,225.631,974.369,100.0,100.0
148.339,4,328.063,759.523,440.477,227.692,972.308,100.0,100.0
148.387,4,329.043,773.56,426.44,230.852,969.148,100.0,100.0
148.423,4,329.805,784.132,415.868,233.497,966.503,100.0,100.0
148.461,4,330.584,794.97,405.03,236.484,963.516,100.0,100.0
148.502,4,331.426,806.694,393.306,240.036,959.964,100.0,100.0
148.542,4,332.258,818.163,381.837,243.826,956.174,100.0,100.0
148.581,4,333.073,829.312,370.688,247.818,952.182,100.0,100.0
148.64,4,334.353,845.837,354.163,254.216,945.784,100.0,100.0
148.672,4,335.044,854.725,345.275,257.954,942.046,100.0,100.0
148.707,4,335.776,864.272,335.728,262.23,937.77,100.0,100.0
148.743,4,336.509,873.829,326.171,266.771,933.229,100.0,100.0
148.777,4,337.23,883.175,316.825,271.465,928.535,100.0,100.0
148.814,4,337.987,892.938,307.062,276.647,923.353,100.0,100.0
148.853,4,338.777,903.039,296.961,282.316,917.684,100.0,100.0
148.89,4,339.538,912.619,287.381,287.982,912.018,100.0,100.0
148.928,4,340.312,922.257,277.743,293.985,906.015,100.0,100.0
148.967,4,341.11,932.072,267.928,300.424,899.576,100.0,100.0
149.005,4,341.889,941.482,258.518,306.914,893.086,100.0,100.0
149.04,4,342.61,950.026,249.974,313.082,886.918,100.0,100.0
149.08,4,343.426,959.625,240.375,320.366,879.634,100.0,100.0
149.118,4,344.2,968.543,231.457,327.46,872.54,100.0,100.0
149.155,4,344.946,976.955,223.045,334.462,865.538,100.0,100.0
149.19,3,342.969,982.293,217.707,343.619,856.381,100.0,100.0
149.227,3,339.013,985.581,214.419,354.013,845.987,100.0,100.0
149.265,3,333.557,987.421,212.579,365.399,834.601,100.0,100.0
149.301,3,327.769,988.171,211.829,376.292,823.708,100.0,100.0
149.34,3,321.266,988.166,211.834,387.807,812.193,100.0,100.0
149.378,3,314.506,987.53,212.47,399.389,800.611,100.0,100.0
149.415,3,307.997,986.438,213.562,410.347,789.653,100.0,100.0
149.449,4,305.068,988.312,211.688,420.462,779.538,100.0,100.0
149.49,4,303.848,992.617,207.383,431.858,768.142,100.0,100.0
149.538,4,303.991,999.062,200.938,444.617,755.383,100.0,100.0
149.565,4,304.426,1003.04,196.958,451.902,748.098,100.0,100.0
149.604,4,305.433,1008.91,191.086,461.975,738.025,100.0,100.0
149.64,4,306.611,1014.4,185.601,471.085,728.915,100.0,100.0
149.676,4,308.039,1020.16,179.839,480.479,719.521,100.0,100.0
149.715,4,309.747,1026.34,173.657,490.444,709.556,100.0,100.0
149.752,4,311.498,1032.16,167.84,499.768,700.232,100.0,100.0
149.791,4,313.486,1038.31,161.688,509.597,690.403,100.0,100.0
149.827,4,315.462,1044.07,155.93,518.78,681.22,100.0,100.0
149.866,4,317.711,1050.29,149.713,528.685,671.315,100.0,100.0
149.906,4,320.072,1056.57,143.429,538.981,661.019,100.0,100.0
149.941,4,322.057,1061.74,138.255,548.037,651.963,100.0,100.0
149.978,4,324.14,1067.06,132.939,557.996,642.004,100.0,100.0
150.02,3,323.241,1068.09,131.909,570.336,629.664,100.0,100.0
150.054,3,320.941,1066.83,133.17,580.629,619.371,100.0,100.0
150.091,3,317.224,1063.8,136.197,591.27,608.73,100.0,100.0
150.13,3,312.33,1059.27,140.73,602.088,597.912,100.0,100.0
150.167,3,307.085,1054.06,145.938,611.673,588.327,100.0,100.0
150.204,3,301.034,1047.78,152.222,621.098,578.902,100.0,100.0
150.243,3,294.542,1040.74,159.257,630.296,569.704,100.0,100.0
150.277,3,288.802,1034.21,165.79,638.267,561.733,100.0,100.0
150.311,3,283.403,1027.73,172.275,645.914,554.086,100.0,100.0
150.348,3,277.609,1020.31,179.688,654.462,545.538,100.0,100.0
150.385,3,272.319,1013.02,186.984,662.773,537.227,100.0,100.0
150.423,3,267.355,1005.58,194.423,671.187,528.813,100.0,100.0
150.458,3,263.094,998.596,201.404,679.055,520.945,100.0,100.0
150.497,3,258.824,990.858,209.142,687.756,512.244,100.0,100.0
150.532,3,255.33,983.778,216.222,695.708,504.292,100.0,100.0
150.568,3,252.175,976.57,223.43,703.799,496.201,100.0,100.0
150.604,3,249.441,969.431,230.569,711.808,488.192,100.0,100.0
150.645,3,246.769,961.219,238.781,721.019,478.981,100.0,100.0
150.68,3,244.601,954.035,245.965,728.578,471.422,100.0,100.0
150.716,3,242.073,946.104,253.896,735.833,464.167,100.0,100.0
150.752,3,239.135,937.577,262.423,742.437,457.563,100.0,100.0
150.789,3,235.899,928.364,271.636,748.687,451.313,100.0,100.0
150.827,3,232.416,918.576,281.424,754.479,445.521,100.0,100.0
150.868,3,228.345,907.599,292.401,759.885,440.115,100.0,100.0
150.901,3,224.88,898.375,301.625,763.744,436.256,100.0,100.0
150.939,3,220.457,887.485,312.515,767.201,432.799,100.0,100.0
150.976,3,215.807,876.625,323.375,769.697,430.303,100.0,100.0
151.013,3,210.988,865.549,334.451,771.511,428.489,100.0,100.0
151.05,3,206.238,854.675,345.325,772.658,427.342,100.0,100.0
151.089,3,201.134,842.996,357.004,773.226,426.774,100.0,100.0
151.121,4,199.739,833.757,366.243,776.261,423.739,100.0,100.0
151.157,4,199.939,824.191,375.809,781.249,418.751,100.0,100.0
151.194,4,200.926,814.853,385.147,786.925,413.075,100.0,100.0
151.232,4,202.345,805.273,394.727,793.004,406.996,100.0,100.0
151.265,4,203.809,796.889,403.111,798.381,401.619,100.0,100.0
151.3,4,205.562,787.97,412.03,804.138,395.862,100.0,100.0
151.335,4,207.454,779.221,420.779,809.806,390.194,100.0,100.0
151.381,4,210.187,767.641,432.359,817.328,382.672,100.0,100.0
151.425,4,213.011,756.571,443.429,824.529,375.472,100.0,100.0
151.455,4,215.026,749.077,450.923,829.405,370.595,100.0,100.0
151.485,4,217.118,741.573,458.427,834.29,365.71,100.0,100.0
151.52,4,219.727,732.543,467.457,840.168,359.832,100.0,100.0
151.557,4,222.503,723.26,476.74,846.213,353.787,100.0,100.0
151.596,4,225.403,713.46,486.54,852.328,347.672,100.0,100.0
151.631,4,227.94,704.269,495.731,857.495,342.505,100.0,100.0
151.669,4,230.505,694.148,505.852,862.505,337.495,100.0,100.0
151.705,4,232.781,684.039,515.961,866.725,333.275,100.0,100.0
151.744,4,234.814,672.896,527.104,870.225,329.775,100.0,100.0
151.783,4,236.463,661.458,538.542,872.745,327.255,100.0,100.0
151.817,4,237.566,651.319,548.681,874.114,325.886,100.0,100.0
151.852,4,238.46,640.835,559.165,874.853,325.147,100.0,100.0
151.889,4,239.157,629.713,570.287,874.919,325.081,100.0,100.0
151.925,4,239.691,618.994,581.006,874.439,325.561,100.0,100.0
151.963,4,240.228,607.735,592.265,873.531,326.469,100.0,100.0
152.0,4,240.795,596.546,603.454,872.298,327.702,100.0,100.0
152.037,4,241.418,585.575,614.425,870.82,329.18,100.0,100.0
152.072,4,242.12,575.331,624.669,869.292,330.708,100.0,100.0
152.11,4,243.064,564.001,635.999,867.499,332.501,100.0,100.0
152.151,4,244.308,551.744,648.256,865.492,334.508,100.0,100.0
152.183,4,245.423,542.339,657.661,863.931,336.069,100.0,100.0
152.221,4,246.924,531.137,668.863,862.053,337.947,100.0,100.0
152.259,4,248.609,519.902,680.098,860.16,339.84,100.0,100.0
152.299,4,250.543,508.205,691.795,858.183,341.817,100.0,100.0
152.335,4,252.469,497.464,702.536,856.365,343.635,100.0,100.0
152.372,4,254.599,486.352,713.648,854.483,345.517,100.0,100.0
152.41,4,256.743,475.336,724.664,852.401,347.599,100.0,100.0
152.444,4,258.706,465.179,734.821,850.202,349.798,100.0,100.0
152.481,3,258.268,456.0,744.0,844.06,355.94,100.0,100.0
152.521,3,255.564,448.219,751.781,835.166,364.834,100.0,100.0
152.561,3,250.964,442.359,757.641,824.672,375.328,100.0,100.0
152.594,3,246.24,438.642,761.358,815.302,384.698,100.0,100.0
152.635,3,239.569,435.545,764.455,803.441,396.559,100.0,100.0
152.672,3,233.293,433.655,766.345,792.714,407.286,100.0,100.0
152.705,3,227.394,432.475,767.525,782.743,417.257,100.0,100.0
152.746,4,224.597,427.097,772.903,771.56,428.44,100.0,100.0
152.796,4,223.683,418.743,781.257,759.084,440.916,100.0,100.0
152.824,4,223.849,413.688,786.312,752.503,447.497,100.0,100.0
152.859,4,224.304,407.295,792.705,744.219,455.781,100.0,100.0
152.895,4,224.804,400.935,799.065,735.445,464.555,100.0,100.0
152.932,4,225.288,394.741,805.259,726.158,473.842,100.0,100.0
152.971,4,225.776,388.687,811.313,716.294,483.706,100.0,100.0
153.007,4,226.198,383.359,816.641,706.758,493.242,100.0,100.0
153.056,4,226.712,376.858,823.142,693.773,506.227,100.0,100.0
153.086,4,227.172,372.879,827.121,685.479,514.521,100.0,100.0
153.12,4,227.798,368.659,831.341,676.422,523.578,100.0,100.0
153.157,4,228.683,364.009,835.99,666.248,533.752,100.0,100.0
153.195,4,229.818,359.248,840.752,655.71,544.29,100.0,100.0
153.233,4,231.132,354.641,845.359,645.454,554.546,100.0,100.0
153.27,4,232.624,350.106,849.894,635.324,564.676,100.0,100.0
153.309,4,234.405,345.3,854.7,624.565,575.435,100.0,100.0
153.344,4,236.153,341.019,858.981,614.974,585.026,100.0,100.0
153.385,4,238.356,336.049,863.951,603.831,596.169,100.0,100.0
153.423,4,240.489,331.547,868.453,593.229,606.771,100.0,100.0
153.461,4,242.529,327.493,872.507,582.831,617.169,100.0,100.0
153.497,4,244.488,323.84,876.16,572.667,627.333,100.0,100.0
153.532,4,246.415,320.49,879.51,562.446,637.554,100.0,100.0
153.569,4,248.232,317.593,882.407,551.728,648.272,100.0,100.0
153.607,4,249.92,315.209,884.791,540.66,659.34,100.0,100.0
153.642,4,251.427,313.365,886.635,530.289,669.711,100.0,100.0
153.681,4,253.098,311.62,888.38,518.783,681.217,100.0,100.0
153.719,4,254.765,310.168,889.832,507.435,692.565,100.0,100.0
153.757,4,256.426,308.991,891.009,496.285,703.715,100.0,100.0
153.792,4,258.044,308.067,891.932,485.674,714.326,100.0,100.0
153.829,4,259.752,307.319,892.681,474.694,725.306,100.0,100.0
153.864,4,261.285,307.063,892.937,464.038,735.962,100.0,100.0
153.903,4,262.654,307.554,892.446,452.568,747.432,100.0,100.0
153.938,4,263.834,308.451,891.549,441.907,758.093,100.0,100.0
153.979,4,265.159,309.817,890.183,429.864,770.136,100.0,100.0
154.014,4,266.351,311.256,888.744,419.336,780.664,100.0,100.0
154.051,4,267.637,312.961,887.039,408.415,791.585,100.0,100.0
154.087,4,268.994,314.763,885.237,397.704,802.296,100.0,100.0
154.125,4,270.548,316.767,883.233,386.38,813.62,100.0,100.0
154.165,4,272.286,318.931,881.069,374.67,825.33,100.0,100.0
154.211,4,274.456,321.543,878.457,361.127,838.873,100.0,100.0
154.243,4,276.047,323.366,876.634,351.868,848.132,100.0,100.0
154.275,4,277.796,325.294,874.706,342.207,857.793,100.0,100.0
154.314,4,279.941,327.574,872.426,330.959,869.041,100.0,100.0
154.352,4,282.16,330.023,869.977,319.627,880.373,100.0,100.0
154.389,4,284.235,332.71,867.29,308.821,891.179,100.0,100.0
154.43,4,286.291,336.283,863.717,297.198,902.802,100.0,100.0
154.467,4,288.054,339.953,860.047,286.768,913.232,100.0,100.0
154.506,4,289.775,344.326,855.674,275.912,924.088,100.0,100.0
154.538,4,291.14,348.275,851.725,266.998,933.002,100.0,100.0
154.576,4,292.645,353.132,846.868,256.898,943.102,100.0,100.0
154.612,4,294.092,358.179,841.821,247.111,952.889,100.0,100.0
154.652,4,295.468,364.122,835.878,236.857,963.143,100.0,100.0
154.688,3,293.744,372.83,827.17,230.211,969.789,100.0,100.0
154.724,3,289.978,382.593,817.407,226.077,973.923,100.0,100.0
154.76,3,284.706,393.319,806.681,223.481,976.519,100.0,100.0
154.798,3,278.731,404.421,795.579,221.886,978.114,100.0,100.0
154.835,3,272.722,415.408,784.592,220.891,979.109,100.0,100.0
154.873,103,265.486,418.428,781.572,220.617,979.383,100.0,100.0
154.921,103,255.832,418.428,781.572,220.617,979.383,100.0,100.0
154.953,103,249.497,418.428,781.572,220.617,979.383,100.0,100.0
154.986,103,242.859,418.428,781.572,220.617,979.383,100.0,100.0
155.022,103,235.715,418.428,781.572,220.617,979.383,100.0,100.0
155.06,103,228.036,418.428,781.572,220.617,979.383,100.0,100.0
155.095,103,221.038,418.428,781.572,220.617,979.383,100.0,100.0
155.134,103,213.286,418.428,781.572,220.617,979.383,100.0,100.0
155.173,103,205.524,418.428,781.572,220.617,979.383,100.0,100.0
155.212,103,197.781,418.428,781.572,220.617,979.383,100.0,100.0
155.248,103,195.266,422.469,777.531,216.087,983.913,100.0,100.0
155.285,103,193.303,441.139,758.861,213.023,986.977,100.0,100.0
155.32,103,205.669,488.23,711.77,206.949,993.051,100.0,100.0
155.359,103,227.572,537.841,662.159,200.255,999.745,100.0,100.0
155.396,103,253.232,583.931,616.069,194.178,1005.82,100.0,100.0
155.433,103,284.053,632.799,567.201,189.246,1010.75,100.0,100.0
155.47,103,315.712,682.938,517.062,189.54,1010.46,100.0,100.0
155.507,103,339.134,723.657,476.343,195.719,1004.28,100.0,100.0
155.542,103,359.62,760.212,439.788,205.236,994.764,100.0,100.0
155.579,103,377.592,791.247,408.753,212.063,987.937,100.0,100.0
155.615,103,389.523,813.346,386.654,215.63,984.37,100.0,100.0
155.655,103,386.277,819.921,380.079,219.244,980.756,100.0,100.0
155.695,103,378.347,819.921,380.079,219.244,980.756,100.0,100.0
155.743,103,368.749,819.921,380.079,219.244,980.756,100.0,100.0
155.773,103,362.694,819.921,380.079,219.244,980.756,100.0,100.0
155.808,103,355.613,819.921,380.079,219.244,980.756,100.0,100.0
155.844,103,348.565,819.921,380.079,219.244,980.756,100.0,100.0
155.881,103,340.974,819.921,380.079,219.244,980.756,100.0,100.0
155.919,4,334.872,822.021,377.979,221.117,978.883,100.0,100.0
155.957,4,330.018,826.428,373.572,225.062,974.938,100.0,100.0
155.996,4,326.725,833.155,366.845,231.093,968.907,100.0,100.0
156.031,4,325.091,841.143,358.857,238.257,961.743,100.0,100.0
156.068,4,323.684,849.331,350.669,245.601,954.399,100.0,100.0
156.105,4,322.538,857.527,342.473,252.955,947.045,100.0,100.0
156.141,4,321.653,865.657,334.343,260.249,939.751,100.0,100.0
156.179,4,320.995,874.013,325.987,267.746,932.254,100.0,100.0
156.214,4,320.599,881.897,318.103,274.82,925.18,100.0,100.0
156.251,4,320.407,890.277,309.723,282.339,917.661,100.0,100.0
156.289,4,320.443,898.763,301.237,289.953,910.047,100.0,100.0
156.328,4,320.705,907.38,292.62,297.685,902.315,100.0,100.0
156.362,4,321.118,915.001,284.999,304.523,895.477,100.0,100.0
156.4,4,321.764,923.448,276.552,312.103,887.897,100.0,100.0
156.436,4,322.451,931.483,268.517,319.541,880.459,100.0,100.0
156.473,4,323.182,939.486,260.514,327.239,872.761,100.0,100.0
156.51,4,323.923,947.234,252.766,335.012,864.988,100.0,100.0
156.55,4,324.737,955.48,244.52,343.684,856.316,100.0,100.0
156.584,4,325.452,962.418,237.582,351.303,848.697,100.0,100.0
156.624,4,326.28,970.318,229.682,360.418,839.582,100.0,100.0
156.657,4,326.953,976.469,223.531,367.822,832.178,100.0,100.0
156.694,3,324.734,980.062,219.938,378.413,821.587,100.0,100.0
156.734,203,318.109,980.98,219.02,381.117,818.883,100.0,100.0
156.771,203,310.583,980.98,219.02,381.117,818.883,100.0,100.0
156.807,203,303.48,980.98,219.02,381.117,818.883,100.0,100.0
156.842,203,296.468,980.98,219.02,381.117,818.883,100.0,100.0
156.88,203,288.816,980.98,219.02,381.117,818.883,100.0,100.0
156.917,203,281.463,980.98,219.02,381.117,818.883,100.0,100.0
156.956,203,273.704,980.98,219.02,381.117,818.883,100.0,100.0
156.997,203,265.384,980.98,219.02,381.117,818.883,100.0,100.0
157.033,203,258.285,980.98,219.02,381.117,818.883,100.0,100.0
157.068,203,251.228,980.98,219.02,381.117,818.883,100.0,100.0
157.105,203,243.82,980.98,219.02,381.117,818.883,100.0,100.0
157.145,203,235.785,980.98,219.02,381.117,818.883,100.0,100.0
157.185,203,227.98,980.98,219.02,381.117,818.883,100.0,100.0
157.22,203,220.927,980.98,219.02,381.117,818.883,100.0,100.0
157.257,203,213.561,980.98,219.02,381.117,818.883,100.0,100.0
157.293,203,206.198,980.98,219.02,381.117,818.883,100.0,100.0
157.333,203,198.362,980.98,219.02,381.117,818.883,100.0,100.0
157.37,203,190.856,980.98,219.02,381.117,818.883,100.0,100.0
157.407,203,183.503,980.98,219.02,381.117,818.883,100.0,100.0
157.447,203,175.569,980.98,219.02,381.117,818.883,100.0,100.0
157.483,203,168.262,980.98,219.02,381.117,818.883,100.0,100.0
157.519,203,161.167,980.98,219.02,381.117,818.883,100.0,100.0
157.557,203,153.459,980.98,219.02,381.117,818.883,100.0,100.0
157.592,203,146.434,980.98,219.02,381.117,818.883,100.0,100.0
157.63,203,138.961,980.98,219.02,381.117,818.883,100.0,100.0
157.668,203,131.335,980.98,219.02,381.117,818.883,100.0,100.0
157.703,203,124.217,980.98,219.02,381.117,818.883,100.0,100.0
157.741,203,124.217,980.98,219.02,381.117,818.883,100.0,100.0
157.78,203,124.217,980.98,219.02,381.117,818.883,100.0,100.0
157.813,203,124.217,980.98,219.02,381.117,818.883,100.0,100.0
157.853,203,124.217,980.98,219.02,381.117,818.883,100.0,100.0
157.887,203,124.217,980.98,219.02,381.117,818.883,100.0,100.0
157.925,203,124.217,980.98,219.02,381.117,818.883,100.0,100.0
157.966,203,124.217,980.98,219.02,381.117,818.883,100.0,100.0
158.002,203,124.217,980.98,219.02,381.117,818.883,100.0,100.0
158.037,203,124.217,980.98,219.02,381.117,818.883,100.0,100.0
158.071,203,124.217,980.98,219.02,381.117,818.883,100.0,100.0
158.109,203,131.198,988.688,211.312,377.276,822.724,100.0,100.0
158.146,203,132.132,989.704,210.296,376.769,823.231,100.0,100.0
158.183,203,132.132,989.704,210.296,376.769,823.231,100.0,100.0
158.216,203,132.132,989.704,210.296,376.769,823.231,100.0,100.0
158.259,203,132.132,989.704,210.296,376.769,823.231,100.0,100.0
158.297,203,132.132,989.704,210.296,376.769,823.231,100.0,100.0
158.336,203,132.132,989.704,210.296,376.769,823.231,100.0,100.0
158.379,203,132.132,989.704,210.296,376.769,823.231,100.0,100.0
158.417,203,132.132,989.704,210.296,376.769,823.231,100.0,100.0
158.454,203,132.132,989.704,210.296,376.769,823.231,100.0,100.0
158.491,203,132.132,989.704,210.296,376.769,823.231,100.0,100.0
158.53,203,132.132,989.704,210.296,376.769,823.231,100.0,100.0
158.565,203,132.132,989.704,210.296,376.769,823.231,100.0,100.0
158.604,203,132.132,989.704,210.296,376.769,823.231,100.0,100.0
158.64,203,132.132,989.704,210.296,376.769,823.231,100.0,100.0
158.678,0,132.132,989.704,210.296,376.769,823.231,100.0,100.0
158.717,5,135.351,992.891,207.109,377.215,822.785,100.0,100.0
158.755,5,135.351,992.891,207.109,377.215,822.785,100.0,100.0
158.792,5,135.351,992.891,207.109,377.215,822.785,100.0,100.0
158.831,5,135.351,992.891,207.109,377.215,822.785,100.0,100.0
158.868,5,135.351,992.891,207.109,377.215,822.785,100.0,100.0
158.904,5,135.351,992.891,207.109,377.215,822.785,100.0,100.0
158.941,5,135.351,992.891,207.109,377.215,822.785,100.0,100.0
158.979,5,135.351,992.891,207.109,377.215,822.785,100.0,100.0
159.017,5,135.351,992.891,207.109,377.215,822.785,100.0,100.0
159.054,5,135.351,992.891,207.109,377.215,822.785,100.0,100.0
159.09,5,135.351,992.891,207.109,377.215,822.785,100.0,100.0
159.128,5,135.351,992.891,207.109,377.215,822.785,100.0,100.0
159.166,5,135.351,992.891,207.109,377.215,822.785,100.0,100.0
159.203,5,135.351,992.891,207.109,377.215,822.785,100.0,100.0
159.243,5,135.351,992.891,207.109,377.215,822.785,100.0,100.0
159.282,5,135.351,992.891,207.109,377.215,822.785,100.0,100.0
159.317,103,135.351,992.891,207.109,377.215,822.785,100.0,100.0
159.351,103,135.351,992.891,207.109,377.215,822.785,100.0,100.0
159.387,103,135.351,992.891,207.109,377.215,822.785,100.0,100.0
159.425,103,135.351,992.891,207.109,377.215,822.785,100.0,100.0
159.462,103,135.351,992.891,207.109,377.215,822.785,100.0,100.0
159.499,103,135.351,992.891,207.109,377.215,822.785,100.0,100.0
159.534,103,135.351,992.891,207.109,377.215,822.785,100.0,100.0
159.572,103,135.351,992.891,207.109,377.215,822.785,100.0,100.0
159.606,103,135.351,992.891,207.109,377.215,822.785,100.0,100.0
159.641,103,135.351,992.891,207.109,377.215,822.785,100.0,100.0
159.678,103,134.646,991.503,208.497,381.525,818.475,100.0,100.0
159.716,103,124.359,980.842,219.158,382.592,817.408,100.0,100.0
159.751,103,91.6063,947.675,252.324,380.851,819.149,100.0,100.0
159.786,103,77.2511,931.318,268.682,385.216,814.784,100.0,100.0
159.824,103,77.674,927.493,272.507,394.811,805.189,100.0,100.0
159.861,103,77.1756,924.367,275.633,399.249,800.751,100.0,100.0
159.899,103,77.2754,921.034,278.966,404.34,795.66,100.0,100.0
159.935,103,77.0453,920.998,279.002,404.0,796.0,100.0,100.0
159.977,103,77.8618,927.857,272.143,394.522,805.478,100.0,100.0
160.029,103,77.0778,929.592,270.408,389.063,810.937,100.0,100.0
160.058,103,77.2779,932.268,267.732,382.574,817.426,100.0,100.0
160.108,103,76.9975,933.297,266.703,378.106,821.894,100.0,100.0
160.136,103,76.9975,933.297,266.703,378.106,821.894,100.0,100.0
160.164,103,76.9975,933.297,266.703,378.106,821.894,100.0,100.0
160.195,103,76.9975,933.297,266.703,378.106,821.894,100.0,100.0
160.233,103,76.9975,933.297,266.703,378.106,821.894,100.0,100.0
160.27,103,76.9975,933.297,266.703,378.106,821.894,100.0,100.0
160.307,103,76.9975,933.297,266.703,378.106,821.894,100.0,100.0
160.343,103,76.9975,933.297,266.703,378.106,821.894,100.0,100.0
160.378,103,76.9975,933.297,266.703,378.106,821.894,100.0,100.0
160.415,103,76.9975,933.297,266.703,378.106,821.894,100.0,100.0
160.452,103,76.9975,933.297,266.703,378.106,821.894,100.0,100.0
160.491,103,76.9975,933.297,266.703,378.106,821.894,100.0,100.0
160.526,103,76.9975,933.297,266.703,378.106,821.894,100.0,100.0
160.564,103,76.9975,933.297,266.703,378.106,821.894,100.0,100.0
160.598,103,76.9975,933.297,266.703,378.106,821.894,100.0,100.0
160.633,103,76.9975,933.297,266.703,378.106,821.894,100.0,100.0
160.67,103,76.9975,933.297,266.703,378.106,821.894,100.0,100.0
160.706,103,76.9975,933.297,266.703,378.106,821.894,100.0,100.0
160.744,103,76.9975,933.297,266.703,378.106,821.894,100.0,100.0
160.779,103,76.9975,933.297,266.703,378.106,821.894,100.0,100.0
160.814,103,76.9975,933.297,266.703,378.106,821.894,100.0,100.0
160.851,103,76.9975,933.297,266.703,378.106,821.894,100.0,100.0
160.887,103,76.9975,933.297,266.703,378.106,821.894,100.0,100.0
160.924,103,76.9975,933.297,266.703,378.106,821.894,100.0,100.0
160.959,201,76.9975,933.297,266.703,378.106,821.894,100.0,100.0
160.995,201,76.9975,933.297,266.703,378.106,821.894,100.0,100.0
161.031,201,76.9994,933.451,266.55,377.521,822.479,100.0,100.0
161.066,201,76.9995,933.486,266.514,377.383,822.617,100.0,100.0
161.104,201,77.84,933.337,266.663,377.969,822.031,100.0,100.0
161.142,201,77.1648,932.56,267.441,377.631,822.369,100.0,100.0
161.18,201,76.7238,932.585,267.415,375.612,824.388,100.0,100.0
161.216,201,76.4754,932.391,267.609,375.337,824.663,100.0,100.0
161.253,201,76.347,932.317,267.683,375.075,824.925,100.0,100.0
161.29,201,76.3016,932.29,267.71,374.986,825.014,100.0,100.0
161.326,201,76.1971,932.19,267.81,374.953,825.047,100.0,100.0
161.364,201,76.0291,932.002,267.998,375.029,824.971,100.0,100.0
161.4,201,76.0301,931.912,268.088,375.44,824.56,100.0,100.0
161.436,0,76.0304,931.864,268.136,375.655,824.346,100.0,100.0
161.473,0,76.0405,931.581,268.419,376.906,823.094,100.0,100.0
161.512,0,76.0406,931.521,268.479,377.15,822.85,100.0,100.0
161.548,0,76.0349,931.304,268.696,377.982,822.018,100.0,100.0
161.584,0,76.039,931.221,268.779,378.315,821.685,100.0,100.0
161.623,202,76.039,931.221,268.779,378.315,821.685,100.0,100.0
161.661,202,76.039,931.221,268.779,378.315,821.685,100.0,100.0
161.696,202,76.0417,931.388,268.612,377.683,822.317,100.0,100.0
161.733,202,76.0417,931.41,268.59,377.595,822.405,100.0,100.0
161.769,202,76.6713,931.315,268.685,377.972,822.028,100.0,100.0
161.811,202,76.7999,931.374,268.626,377.736,822.264,100.0,100.0
161.847,202,76.5373,931.486,268.514,376.102,823.898,100.0,100.0
161.883,202,76.284,931.293,268.707,375.805,824.195,100.0,100.0
161.92,202,76.1702,931.226,268.774,375.576,824.424,100.0,100.0
161.958,202,76.1319,931.203,268.797,375.5,824.5,100.0,100.0
161.996,202,76.019,931.087,268.913,375.502,824.498,100.0,100.0
162.032,202,76.0191,931.066,268.934,375.603,824.397,100.0,100.0
162.067,202,76.0209,930.953,269.047,376.119,823.881,100.0,100.0
162.103,5,77.6593,932.368,267.632,377.277,822.723,100.0,100.0
162.14,5,77.3299,931.746,268.254,378.434,821.566,100.0,100.0
162.179,5,78.0985,932.161,267.838,379.88,820.12,100.0,100.0
162.213,0,77.8894,931.773,268.227,380.503,819.497,100.0,100.0
162.249,0,77.7164,931.442,268.558,381.033,818.967,100.0,100.0
162.285,203,77.7164,931.442,268.558,381.033,818.967,100.0,100.0
162.322,203,77.7164,931.442,268.558,381.033,818.967,100.0,100.0
162.358,203,77.7164,931.442,268.558,381.033,818.967,100.0,100.0
162.397,203,77.7164,931.442,268.558,381.033,818.967,100.0,100.0
162.432,203,77.7164,931.442,268.558,381.033,818.967,100.0,100.0
162.47,203,77.7164,931.442,268.558,381.033,818.967,100.0,100.0
162.505,203,77.7164,931.442,268.558,381.033,818.967,100.0,100.0
162.543,203,77.7164,931.442,268.558,381.033,818.967,100.0,100.0
162.579,203,77.7164,931.442,268.558,381.033,818.967,100.0,100.0
162.617,203,77.7164,931.442,268.558,381.033,818.967,100.0,100.0
162.653,203,77.7164,931.442,268.558,381.033,818.967,100.0,100.0
162.689,203,77.7164,931.442,268.558,381.033,818.967,100.0,100.0
162.727,203,77.7164,931.442,268.558,381.033,818.967,100.0,100.0
162.766,203,77.7164,931.442,268.558,381.033,818.967,100.0,100.0
162.803,203,77.7164,931.442,268.558,381.033,818.967,100.0,100.0
162.839,203,77.7164,931.442,268.558,381.033,818.967,100.0,100.0
162.876,203,77.7164,931.442,268.558,381.033,818.967,100.0,100.0
162.913,203,77.7164,931.442,268.558,381.033,818.967,100.0,100.0
162.949,203,77.7164,931.442,268.558,381.033,818.967,100.0,100.0
162.987,203,77.7164,931.442,268.558,381.033,818.967,100.0,100.0
163.025,203,77.7164,931.442,268.558,381.033,818.967,100.0,100.0
163.062,203,77.7164,931.442,268.558,381.033,818.967,100.0,100.0
163.098,203,76.2531,785.431,414.569,332.552,867.448,100.0,100.0
163.133,203,76.2588,785.76,414.24,331.679,868.321,100.0,100.0
163.207,203,76.0768,785.795,414.205,331.59,868.41,100.0,100.0
163.272,203,76.0798,786.035,413.965,331.02,868.98,100.0,100.0
163.331,203,76.2433,786.035,413.965,331.02,868.98,100.0,100.0
163.373,203,76.5763,786.035,413.965,331.02,868.98,100.0,100.0
163.394,203,77.0176,786.035,413.965,331.02,868.98,100.0,100.0
163.452,203,79.1163,786.035,413.965,331.02,868.98,100.0,100.0
163.493,203,81.3996,786.035,413.965,331.02,868.98,100.0,100.0
163.561,203,86.3501,786.035,413.965,331.02,868.98,100.0,100.0
163.601,203,89.9645,786.035,413.965,331.02,868.98,100.0,100.0
163.65,203,93.7849,786.035,413.965,331.02,868.98,100.0,100.0
163.69,0,93.7849,786.035,413.965,331.02,868.98,100.0,100.0
163.737,0,93.7849,786.035,413.965,331.02,868.98,100.0,100.0
163.781,0,93.7849,786.035,413.965,331.02,868.98,100.0,100.0
163.824,202,93.7849,786.035,413.965,331.02,868.98,100.0,100.0
163.87,202,93.7849,786.035,413.965,331.02,868.98,100.0,100.0
163.908,202,77.016,792.768,407.232,346.408,853.592,100.0,100.0
163.953,202,77.016,792.756,407.244,346.414,853.586,100.0,100.0
163.996,202,77.016,792.688,407.312,346.45,853.55,100.0,100.0
164.038,202,76.9762,792.7,407.3,346.488,853.512,100.0,100.0
164.084,202,76.1456,792.025,407.975,347.783,852.217,100.0,100.0
164.124,202,76.121,791.995,408.005,347.828,852.172,100.0,100.0
164.166,202,76.0167,791.896,408.104,347.999,852.001,100.0,100.0
164.208,202,76.0167,791.914,408.086,347.989,852.011,100.0,100.0
164.252,202,76.0178,792.268,407.732,347.798,852.202,100.0,100.0
164.296,5,80.4174,790.732,409.268,343.633,856.367,100.0,100.0
164.338,5,79.8165,792.477,407.523,343.416,856.584,100.0,100.0
164.379,5,129.436,771.048,428.952,298.658,901.342,100.0,100.0
164.422,5,129.104,772.127,427.873,298.503,901.497,100.0,100.0
164.463,5,128.974,772.557,427.443,298.441,901.559,100.0,100.0
164.504,5,128.974,772.557,427.443,298.441,901.559,100.0,100.0
164.546,5,128.974,772.557,427.443,298.441,901.559,100.0,100.0
164.587,5,122.44,776.745,423.255,303.693,896.307,100.0,100.0
164.629,5,111.093,781.376,418.624,314.054,885.946,100.0,100.0
164.669,5,95.6328,785.203,414.797,329.37,870.63,100.0,100.0
164.71,5,85.958,786.089,413.911,339.848,860.152,100.0,100.0
164.746,5,76.4831,788.985,411.015,349.115,850.885,100.0,100.0
164.788,5,76.4832,788.905,411.095,349.163,850.837,100.0,100.0
164.826,5,76.484,788.589,411.411,349.351,850.649,100.0,100.0
164.87,5,76.4841,788.418,411.582,349.454,850.546,100.0,100.0
164.906,5,76.5043,786.813,413.187,350.431,849.569,100.0,100.0
164.948,5,76.505,786.417,413.583,350.686,849.314,100.0,100.0
164.986,5,76.5146,785.343,414.657,351.384,848.616,100.0,100.0
165.027,5,76.5147,785.265,414.735,351.436,848.564,100.0,100.0
165.065,5,76.5153,785.017,414.983,351.604,848.396,100.0,100.0
165.107,5,76.5153,785.003,414.997,351.613,848.387,100.0,100.0
165.147,5,76.5986,788.053,411.947,349.543,850.457,100.0,100.0
165.185,5,76.599,788.459,411.541,349.295,850.705,100.0,100.0
165.224,5,76.709,792.237,407.763,347.032,852.968,100.0,100.0
165.263,5,76.3769,792.531,407.469,347.252,852.748,100.0,100.0
165.303,5,76.1741,793.05,406.95,347.21,852.79,100.0,100.0
165.347,5,76.1482,793.069,406.931,347.229,852.771,100.0,100.0
165.383,5,76.0962,792.842,407.158,347.406,852.594,100.0,100.0
165.425,5,76.0962,792.74,407.26,347.46,852.54,100.0,100.0
165.465,5,76.0708,792.332,407.668,347.704,852.296,100.0,100.0
165.505,5,76.0708,792.287,407.713,347.728,852.272,100.0,100.0
165.546,5,76.0714,792.021,407.979,347.87,852.13,100.0,100.0
165.585,5,78.8025,790.779,409.221,345.437,854.563,100.0,100.0
165.623,5,77.5826,791.36,408.64,346.509,853.491,100.0,100.0
165.664,5,77.1933,791.263,408.737,347.004,852.996,100.0,100.0
165.708,5,76.2483,791.184,408.816,348.124,851.876,100.0,100.0
165.75,5,79.4639,789.209,410.791,345.544,854.456,100.0,100.0
165.789,5,76.4047,789.842,410.158,348.703,851.297,100.0,100.0
165.826,5,77.794,788.284,411.716,348.007,851.993,100.0,100.0
165.865,5,83.0676,785.049,414.951,343.798,856.202,100.0,100.0
165.904,5,91.5675,780.295,419.705,336.741,863.259,100.0,100.0
165.942,202,93.122,779.426,420.574,335.45,864.55,100.0,100.0
165.986,202,93.122,779.426,420.574,335.45,864.55,100.0,100.0
166.019,202,93.122,779.426,420.574,335.45,864.55,100.0,100.0
166.063,202,93.122,779.426,420.574,335.45,864.55,100.0,100.0
166.1,202,78.9772,787.455,412.545,347.124,852.876,100.0,100.0
166.14,202,77.0181,789.313,410.687,348.301,851.699,100.0,100.0
166.178,202,77.0251,790.684,409.316,347.513,852.487,100.0,100.0
166.22,202,76.9881,790.746,409.254,347.522,852.478,100.0,100.0
166.258,202,76.7192,791.138,408.862,347.613,852.387,100.0,100.0
166.296,0,76.5445,791.266,408.734,347.741,852.259,100.0,100.0
166.335,0,76.2375,791.53,408.47,347.947,852.053,100.0,100.0
166.373,0,76.0879,791.601,408.399,348.078,851.922,100.0,100.0
166.415,0,76.0879,791.601,408.399,348.078,851.922,100.0,100.0
166.45,0,76.0879,791.601,408.399,348.078,851.922,100.0,100.0
166.487,0,76.0879,791.601,408.399,348.078,851.922,100.0,100.0
166.53,0,76.0879,791.601,408.399,348.078,851.922,100.0,100.0
166.565,0,76.0879,791.601,408.399,348.078,851.922,100.0,100.0
166.6,0,76.0879,791.601,408.399,348.078,851.922,100.0,100.0
166.638,0,76.0879,791.601,408.399,348.078,851.922,100.0,100.0
166.674,7,76.1324,789.318,410.682,349.326,850.674,100.0,100.0
166.712,7,76.4109,784.381,415.619,352.169,847.831,100.0,100.0
166.748,7,77.1754,777.509,422.491,356.552,843.448,100.0,100.0
166.789,7,79.0207,767.639,432.361,363.944,836.056,100.0,100.0
166.824,7,81.0685,759.911,440.089,370.969,829.031,100.0,100.0
166.861,8,79.6533,755.416,444.584,382.212,817.788,100.0,100.0
166.897,8,76.0295,754.477,445.523,395.773,804.227,100.0,100.0
166.935,8,77.2143,751.09,448.91,408.881,791.119,100.0,100.0
166.971,8,76.4107,752.087,447.913,422.899,777.101,100.0,100.0
167.012,8,77.6961,754.072,445.928,438.532,761.468,100.0,100.0
167.071,8,76.2845,765.577,434.423,458.6,741.401,100.0,100.0
167.102,8,77.0669,772.756,427.244,468.515,731.485,100.0,100.0
167.132,7,78.6007,778.076,421.924,475.505,724.495,100.0,100.0
167.16,7,80.3117,783.763,416.237,481.838,718.162,100.0,100.0
167.2,7,82.8106,792.839,407.161,489.797,710.203,100.0,100.0
167.239,7,85.3443,802.407,397.593,496.249,703.751,100.0,100.0
167.279,7,88.0024,813.249,386.751,501.6,698.4,100.0,100.0
167.316,0,88.9515,816.072,383.928,502.994,697.006,100.0,100.0
167.365,5,96.2882,817.451,382.549,510.556,689.444,100.0,100.0
167.394,5,102.303,817.776,382.224,516.639,683.361,100.0,100.0
167.426,5,111.111,817.663,382.337,525.477,674.523,100.0,100.0
167.462,5,122.188,817.12,382.88,536.552,663.448,100.0,100.0
167.501,5,133.773,816.339,383.661,548.113,651.887,100.0,100.0
167.538,5,144.807,815.488,384.512,559.115,640.885,100.0,100.0
167.577,5,156.536,814.517,385.483,570.804,629.196,100.0,100.0
167.616,5,168.222,813.512,386.488,582.446,617.554,100.0,100.0
167.654,5,179.744,812.503,387.497,593.924,606.076,100.0,100.0
167.695,5,192.028,811.433,388.567,606.161,593.839,100.0,100.0
167.731,0,195.347,811.143,388.857,609.468,590.532,100.0,100.0
167.768,0,195.347,811.143,388.857,609.468,590.532,100.0,100.0
167.806,0,195.347,811.143,388.857,609.468,590.532,100.0,100.0
167.847,0,195.347,811.143,388.857,609.468,590.532,100.0,100.0
167.883,0,195.347,811.143,388.857,609.468,590.532,100.0,100.0
167.923,0,195.347,811.143,388.857,609.468,590.532,100.0,100.0
167.962,0,195.347,811.143,388.857,609.468,590.532,100.0,100.0
167.999,0,195.347,811.143,388.857,609.468,590.532,100.0,100.0
