f0,f1,f2,f3,f4,f5,f6,f7,f8,f9,f10,f11,f12,f13,f14,f15,f16,f17,f18,f19,f20,f21,f22,f23,f24,f25,f26,f27,f28,f29,f30,f31,f32,f33,f34,f35,f36,f37,f38,f39,f40,f41,f42,f43,f44,f45,f46,f47,f48,f49,f50,f51,f52,f53,f54,f55,f56,f57,f58,f59,f60,f61,f62,f63,f64,f65,f66,f67,f68,f69,f70,f71,f72,f73,f74,f75,f76,f77,f78,f79,f80,f81,f82,f83,f84,f85,f86,f87,f88,f89,f90,f91,f92,f93,f94,f95,f96,f97,f98,f99,output
-0.673697,222.248,-1.8784,115.416,545.099,654.901,586.924,613.076,100.0,100.0,-0.673697,300.0,-1.89327,99.4447,560.78,639.22,583.495,616.505,100.0,100.0,-0.68286,300.0,-1.863,83.5199,575.119,624.881,576.038,623.962,100.0,100.0,-0.688969,179.487,-1.80763,76.9745,580.272,619.728,570.039,629.961,100.0,100.0,-0.688969,136.019,-1.73163,77.0507,579.042,620.958,564.318,635.682,100.0,100.0,-0.688969,159.251,-1.64508,76.6163,578.693,621.307,557.665,642.335,100.0,100.0,-0.688969,187.276,-1.54411,76.7636,578.362,621.638,549.931,650.069,100.0,100.0,-0.688969,228.051,-1.40532,76.9964,579.153,620.847,539.296,660.704,100.0,100.0,-0.692023,280.458,-1.24326,76.8897,582.296,617.704,527.243,672.757,100.0,100.0,-0.747001,296.051,-1.0667,76.7061,587.933,612.067,514.929,685.071,100.0,100.0,-1.0667
-0.835577,35.6609,1.87932,175.678,595.605,604.395,465.387,734.613,100.0,100.0,-0.835577,0.0,1.87932,175.678,595.605,604.395,465.387,734.613,100.0,100.0,-0.835577,0.0,1.87932,175.678,595.605,604.395,465.387,734.613,100.0,100.0,-0.835577,0.0,1.87932,175.678,595.605,604.395,465.387,734.613,100.0,100.0,-1.30636,0.0,1.87932,175.678,595.605,604.395,465.387,734.613,98.0364,100.0,-1.30636,0.0,1.87932,175.678,595.605,604.395,465.387,734.613,98.0364,100.0,-1.30636,0.0,1.87932,175.678,595.605,604.395,465.387,734.613,98.0364,100.0,-1.30636,0.0,1.87932,175.678,595.605,604.395,465.387,734.613,98.0364,100.0,-1.30636,0.0,1.87932,175.678,595.605,604.395,465.387,734.613,98.0364,100.0,-1.30636,0.0,1.87932,175.678,595.605,604.395,465.387,734.613,98.0364,100.0,1.87932
-1.30636,0.0,1.87932,175.678,595.605,604.395,465.387,734.613,98.0364,100.0,-1.30636,28.2108,1.85039,175.532,596.938,603.062,460.482,739.518,95.5818,100.0,-1.24002,0.0,1.85039,175.532,596.938,603.062,460.482,739.518,95.5818,100.0,-1.24002,0.0,1.85039,175.532,596.938,603.062,460.482,739.518,94.4036,100.0,-1.24002,0.0,1.85039,175.532,596.938,603.062,460.482,739.518,94.4036,100.0,-1.24002,0.0,1.85039,175.532,596.938,603.062,460.482,739.518,94.4036,100.0,-1.24002,0.0,1.85039,175.532,596.938,603.062,460.482,739.518,94.4036,100.0,-1.24002,0.0,1.85039,175.532,596.938,603.062,460.482,739.518,94.4036,100.0,-1.24002,0.0,1.85039,175.532,596.938,603.062,460.482,739.518,94.4036,100.0,-1.24002,105.611,1.87365,175.37,595.611,604.389,464.345,735.655,94.4036,100.0,1.87365
-1.49271,152.34,1.95994,177.417,592.375,607.625,479.352,720.648,90.5746,100.0,-1.49271,223.85,1.95994,177.417,592.375,607.625,479.352,720.648,90.5746,100.0,-1.49271,277.879,1.95994,177.417,592.375,607.625,479.352,720.648,90.5746,100.0,-1.49271,59.5506,1.96499,177.708,592.301,607.699,480.292,719.708,90.5746,100.0,-1.50491,582.732,1.97627,152.495,568.353,631.647,472.194,727.806,89.3473,100.0,-1.44107,142.931,1.98001,145.644,561.841,638.159,469.992,730.008,89.3473,100.0,-1.42873,0.0,1.98045,144.888,561.122,638.878,469.749,730.251,89.3473,100.0,-1.42746,0.0,1.98045,144.888,561.122,638.878,469.749,730.251,89.3473,100.0,-1.42746,0.0,1.98045,144.888,561.122,638.878,469.749,730.251,89.3473,100.0,-1.42746,0.0,1.98045,144.888,561.122,638.878,469.749,730.251,89.3473,100.0,1.98045
-1.46259,0.0,1.94694,177.01,592.857,607.143,477.063,722.937,86.8927,100.0,-1.46259,0.0,1.94694,177.01,592.857,607.143,477.063,722.937,86.8927,100.0,-1.46259,0.0,1.94694,177.01,592.857,607.143,477.063,722.937,86.8927,100.0,-1.46259,0.0,1.94694,177.01,592.857,607.143,477.063,722.937,86.8927,96.5,-1.46259,0.0,1.94694,177.01,592.857,607.143,477.063,722.937,86.8927,96.5,-1.46259,700.921,2.08072,185.458,590.087,609.913,502.564,697.436,86.8927,96.5,-1.78398,317.51,2.17996,190.863,584.754,615.246,521.249,678.751,86.8927,96.5,-1.97135,387.66,2.25894,195.565,579.282,620.718,536.245,663.755,86.8927,96.5,-2.08437,48.7252,2.27009,197.017,578.999,621.001,538.857,661.143,86.8927,96.5,-2.1047,111.62,2.29112,199.881,578.452,621.548,543.888,656.112,86.8927,96.5,2.29112
-2.69846,221.526,-2.61373,184.163,562.338,637.662,711.074,488.926,84.4382,96.5,-2.69846,261.151,-2.61373,184.163,562.338,637.662,711.074,488.926,84.4382,93.0,-2.69846,296.298,-2.61373,184.163,562.338,637.662,711.074,488.926,84.4382,93.0,-2.69846,682.086,-2.73121,183.601,581.849,618.151,720.335,479.665,84.4382,93.0,-2.7847,601.332,-2.86317,186.02,603.972,596.028,730.835,469.165,84.4382,93.0,-2.88089,191.631,-2.92851,188.467,615.242,584.758,736.183,463.817,84.4382,93.0,-2.92872,205.311,-2.97683,190.849,623.796,576.204,740.243,459.757,84.4382,93.0,-2.96433,0.0,-2.98181,191.123,624.689,575.311,740.667,459.333,84.4382,93.0,-2.96801,0.0,-2.98181,191.123,624.689,575.311,740.667,459.333,84.4382,93.0,-2.96801,0.0,-2.98181,191.123,624.689,575.311,740.667,459.333,84.4382,93.0,-2.98181
3.03298,0.0,2.52154,473.724,703.494,496.506,797.579,402.421,81.9837,93.0,3.03298,0.0,2.52154,473.724,703.494,496.506,797.579,402.421,81.9837,93.0,3.03298,0.0,2.52154,473.724,703.494,496.506,797.579,402.421,81.9837,93.0,3.03298,0.0,2.52154,473.724,703.494,496.506,797.579,402.421,81.9837,93.0,3.03298,0.0,2.52154,473.724,703.494,496.506,797.579,402.421,81.9837,93.0,3.03298,0.0,2.52154,473.724,703.494,496.506,797.579,402.421,81.9837,93.0,3.03298,0.0,2.52154,473.724,703.494,496.506,797.579,402.421,81.9837,93.0,3.03298,0.0,2.52154,473.724,703.494,496.506,797.579,402.421,81.9837,93.0,3.03298,0.0,2.52154,473.724,703.494,496.506,797.579,402.421,81.9837,93.0,3.03636,0.0,2.52154,473.724,703.494,496.506,797.579,402.421,81.9837,93.0,2.52154
2.85166,71.5352,2.8405,223.879,792.653,407.347,765.986,434.014,81.9837,89.5,2.8405,141.268,2.81834,217.142,797.252,402.748,764.578,435.422,81.9837,89.5,2.81834,199.991,2.78542,206.79,802.748,397.252,759.554,440.446,81.9837,89.5,2.78542,200.0,2.75399,195.523,807.104,392.896,753.643,446.357,81.9837,89.5,2.75399,200.0,2.71498,180.842,811.467,388.533,745.672,454.328,81.9837,89.5,2.71498,200.0,2.6427,155.987,817.536,382.464,731.799,468.201,81.9837,89.5,2.6427,200.0,2.59722,141.603,820.396,379.604,723.591,476.409,81.9837,89.5,2.59722,200.0,2.5548,129.331,822.509,377.491,716.491,483.509,81.9837,89.5,2.5548,200.0,2.5049,123.808,824.508,375.492,708.344,491.656,81.9837,89.5,2.5049,150.0,2.45782,121.229,827.483,372.517,702.77,497.23,81.9837,89.5,2.45782
1.90911,0.0,2.06015,521.757,888.745,311.255,657.295,542.705,81.0018,86.0,1.90911,0.0,2.06015,521.757,888.745,311.255,657.295,542.705,81.0018,86.0,1.90911,0.0,2.06015,521.757,888.745,311.255,657.295,542.705,81.0018,86.0,1.90911,0.0,2.06015,521.757,888.745,311.255,657.295,542.705,81.0018,86.0,1.90911,0.0,2.06015,521.757,888.745,311.255,657.295,542.705,81.0018,86.0,1.90911,0.0,2.06015,521.757,888.745,311.255,657.295,542.705,81.0018,86.0,1.90911,0.0,2.06015,521.757,888.745,311.255,657.295,542.705,81.0018,86.0,1.90911,0.0,2.06015,521.757,888.745,311.255,657.295,542.705,81.0018,86.0,1.90911,0.0,2.06015,521.757,888.745,311.255,657.295,542.705,81.0018,86.0,1.90911,0.0,2.06015,521.757,888.745,311.255,657.295,542.705,81.0018,86.0,2.06015
1.95964,27.3568,1.95964,208.491,943.825,256.175,687.837,512.163,76.3873,86.0,1.95964,79.6292,1.95964,208.491,943.825,256.175,687.837,512.163,76.3873,86.0,1.95964,0.0,1.95964,208.491,943.825,256.175,687.837,512.163,76.3873,86.0,1.95964,0.0,1.95964,208.491,943.825,256.175,687.837,512.163,76.3873,86.0,1.95964,0.0,1.95964,208.491,943.825,256.175,687.837,512.163,76.3873,86.0,1.95964,702.869,1.84071,195.892,939.698,260.302,661.029,538.971,75.0127,86.0,1.84071,0.0,1.84071,195.892,939.698,260.302,661.029,538.971,75.0127,86.0,1.84071,0.0,1.84071,195.892,939.698,260.302,661.029,538.971,75.0127,86.0,1.84071,0.0,1.84071,195.892,939.698,260.302,661.029,538.971,75.0127,86.0,1.84071,0.0,1.84071,195.892,939.698,260.302,661.029,538.971,75.0127,96.0,1.84071
2.04169,1250.39,2.03409,294.81,1014.63,185.368,740.545,459.455,72.5582,92.5,2.03409,0.0,2.03409,294.81,1014.63,185.368,740.545,459.455,72.5582,92.5,2.03409,0.0,2.03409,294.81,1014.63,185.368,740.545,459.455,72.5582,92.5,2.03409,0.0,2.03409,294.81,1014.63,185.368,740.545,459.455,72.5582,92.5,2.03409,0.0,2.03409,294.81,1014.63,185.368,740.545,459.455,72.5582,92.5,2.03409,0.0,2.03409,294.81,1014.63,185.368,740.545,459.455,72.5582,92.5,2.03409,0.0,2.03409,294.81,1014.63,185.368,740.545,459.455,72.5582,92.5,2.03409,0.0,2.03409,294.81,1014.63,185.368,740.545,459.455,72.5582,92.5,2.03409,0.0,2.03409,294.81,1014.63,185.368,740.545,459.455,72.5582,92.5,2.03409,0.0,2.03409,294.81,1014.63,185.368,740.545,459.455,72.5582,92.5,2.03409
2.20407,204.52,2.16645,676.01,987.811,212.189,791.319,408.681,72.5582,89.0,2.22725,301.551,2.18018,677.069,983.418,216.582,799.572,400.428,72.5582,89.0,2.2579,209.495,2.18969,677.879,980.368,219.632,805.304,394.696,72.5582,89.0,2.27898,0.0,2.18969,677.879,980.368,219.632,805.304,394.696,72.5582,89.0,2.27898,0.0,2.18969,677.879,980.368,219.632,805.304,394.696,72.5582,89.0,2.27898,0.0,2.18969,677.879,980.368,219.632,805.304,394.696,72.5582,89.0,2.27898,0.0,2.18969,677.879,980.368,219.632,805.304,394.696,72.5582,89.0,2.27898,0.0,2.18969,677.879,980.368,219.632,805.304,394.696,72.5582,89.0,2.27898,0.0,2.18969,677.879,980.368,219.632,805.304,394.696,72.5582,89.0,2.27898,65.4506,2.19277,677.696,979.007,220.993,806.893,393.107,72.5582,89.0,2.19277
2.72752,0.0,-2.86685,121.058,883.264,316.736,818.638,381.362,72.5582,80.5,2.731,0.0,-2.86685,121.058,883.264,316.736,818.638,381.362,72.5582,80.5,2.731,0.0,-2.86685,121.058,883.264,316.736,818.638,381.362,72.5582,80.5,2.731,0.0,-2.86685,121.058,883.264,316.736,818.638,381.362,72.5582,80.5,2.731,0.0,-2.86685,121.058,883.264,316.736,818.638,381.362,72.5582,80.5,2.731,71.4248,-2.85112,122.65,880.98,319.02,819.632,380.368,72.5582,80.5,2.7511,138.07,-2.82349,125.553,876.838,323.162,821.375,378.625,72.5582,80.5,2.78732,150.0,-2.7909,129.112,871.751,328.249,823.374,376.626,72.5582,80.5,2.8313,0.0,-2.7909,129.112,871.751,328.249,823.374,376.626,72.5582,80.5,2.8313,0.0,-2.7909,129.112,871.751,328.249,823.374,376.626,72.5582,77.5,-2.7909
2.78388,0.0,2.27112,563.211,858.871,341.129,775.013,424.987,72.5582,77.5,2.78388,0.0,2.27112,563.211,858.871,341.129,775.013,424.987,72.5582,77.5,2.78388,0.0,2.27112,563.211,858.871,341.129,775.013,424.987,72.5582,77.5,2.78388,0.0,2.27112,563.211,858.871,341.129,775.013,424.987,72.5582,77.5,2.78388,0.0,2.27112,563.211,858.871,341.129,775.013,424.987,72.5582,77.5,2.78388,0.0,2.27112,563.211,858.871,341.129,775.013,424.987,72.5582,77.5,2.78388,0.0,2.27112,563.211,858.871,341.129,775.013,424.987,72.5582,77.5,2.78388,0.0,2.27112,563.211,858.871,341.129,775.013,424.987,72.5582,77.5,2.78388,0.0,2.27112,563.211,858.871,341.129,775.013,424.987,72.5582,77.5,2.78226,78.4835,2.27579,561.746,856.056,343.944,776.071,423.929,72.5582,77.5,2.27579
3.05589,0.0,2.32304,570.168,844.536,355.464,801.624,398.376,72.5582,77.5,3.05589,146.562,2.28326,559.859,851.897,348.103,778.022,421.978,72.5582,77.5,3.05589,190.265,2.27723,562.163,855.849,344.151,776.955,423.045,72.5582,77.5,3.05589,69.946,2.26848,565.031,861.224,338.776,775.042,424.958,72.5582,77.5,3.05589,20.8548,2.26164,566.341,864.706,335.295,772.907,427.093,72.5582,77.5,3.05589,161.662,2.24937,569.644,871.674,328.326,769.595,430.405,72.5582,77.5,3.05589,83.862,2.24146,571.285,875.771,324.229,767.1,432.9,72.5582,77.5,3.05589,122.412,2.2395,576.765,880.767,319.233,769.618,430.382,72.5582,77.5,3.05589,99.6665,2.24043,571.233,876.097,323.903,766.606,433.394,72.5582,77.5,3.05589,41.0911,2.23935,572.022,877.098,322.902,766.612,433.388,72.5582,77.5,2.23935
0.956546,11.2168,2.3001,559.687,845.546,354.454,784.99,415.01,72.5582,80.5,0.956546,0.0,2.3001,559.687,845.546,354.454,784.99,415.01,72.5582,80.5,0.956546,0.0,2.3001,559.687,845.546,354.454,784.99,415.01,72.5582,80.5,0.956546,0.0,2.3001,559.687,845.546,354.454,784.99,415.01,72.5582,80.5,0.956546,0.0,2.3001,559.687,845.546,354.454,784.99,415.01,72.5582,80.5,0.956546,0.0,2.3001,559.687,845.546,354.454,784.99,415.01,72.5582,80.5,0.956546,0.0,2.3001,559.687,845.546,354.454,784.99,415.01,72.5582,80.5,0.956546,0.0,2.3001,559.687,845.546,354.454,784.99,415.01,72.5582,80.5,0.956546,223.735,2.31126,560.613,842.043,357.957,790.248,409.752,72.5582,80.5,0.956546,634.844,2.34781,559.124,826.884,373.116,804.073,395.927,72.5582,80.5,2.34781
2.89997,1130.39,-3.12639,320.09,423.355,776.645,732.094,467.906,72.5582,73.5,2.89997,562.153,-3.12828,282.938,424.456,775.544,694.954,505.046,72.5582,73.5,2.89997,862.506,-3.12887,256.202,424.964,775.036,668.222,531.778,72.5582,73.5,2.89997,936.274,-3.12115,227.845,423.565,776.435,639.839,560.161,72.5582,73.5,2.89997,82.5332,-3.12411,225.145,424.288,775.712,637.152,562.848,72.5582,73.5,2.89997,0.0,-3.12411,225.145,424.288,775.712,637.152,562.848,72.5582,73.5,2.89997,0.0,-3.12411,225.145,424.288,775.712,637.152,562.848,72.5582,73.5,2.89997,0.0,-3.12411,225.145,424.288,775.712,637.152,562.848,72.5582,73.5,2.89997,0.0,-3.12411,225.145,424.288,775.712,637.152,562.848,72.5582,73.5,2.82012,0.0,-3.12411,225.145,424.288,775.712,637.152,562.848,72.5582,66.5,-3.12411
0.821439,0.0,1.82708,141.229,564.839,635.161,447.841,752.159,72.5582,48.5,0.821439,35.9552,1.8263,140.832,564.483,635.517,447.634,752.366,72.5582,48.5,0.821439,0.0,1.82691,141.147,564.765,635.235,447.796,752.204,72.5582,48.5,0.821439,36.4807,1.82777,140.662,564.266,635.734,447.791,752.209,72.5582,48.5,0.821439,0.0,1.82914,140.598,564.155,635.845,447.961,752.039,72.5582,48.5,0.821439,38.0359,1.8289,140.388,563.96,636.04,447.876,752.125,72.5582,48.5,0.821439,0.0,1.82911,140.298,563.866,636.134,447.88,752.12,72.5582,48.5,0.821439,36.4011,1.82816,139.753,563.372,636.628,447.613,752.387,72.5582,48.5,0.821439,0.0,1.82789,139.531,563.167,636.833,447.52,752.48,72.5582,48.5,0.821439,35.2043,1.82703,139.055,562.737,637.263,447.283,752.717,72.5582,48.5,1.82703
-1.06319,1440.82,1.90052,336.941,747.013,452.987,521.137,678.863,72.5582,41.5,-1.06319,803.355,1.91165,376.849,783.391,416.609,538.02,661.98,72.5582,41.5,-1.06319,1666.55,1.94229,435.519,834.032,365.968,570.139,629.861,72.5582,41.5,-1.06319,1068.42,1.9707,472.147,863.116,336.884,595.864,604.136,72.5582,41.5,-1.06319,984.268,1.9998,508.417,890.566,309.434,623.526,576.474,72.5582,41.5,-1.06319,223.559,2.0141,534.099,910.696,289.304,641.13,558.87,72.5582,41.5,-1.06319,584.344,2.02655,555.573,927.087,272.913,656.572,543.428,72.5582,41.5,-1.06319,425.722,2.03641,573.899,941.028,258.972,669.704,530.296,72.5582,41.5,-1.06319,166.932,2.03883,578.598,944.597,255.403,673.066,526.934,72.5582,41.5,-1.06319,38.8589,2.03943,579.767,945.483,254.517,673.901,526.099,72.5582,41.5,2.03943
2.13556,600.0,2.09372,389.916,766.031,433.969,606.772,593.228,72.5582,41.5,2.12945,600.0,2.09131,364.834,744.739,455.261,593.483,606.517,72.5582,41.5,2.12945,600.0,2.08783,333.999,718.564,481.436,577.138,622.862,72.5582,41.5,2.12945,600.0,2.0854,315.514,702.873,497.127,567.335,632.665,72.5582,41.5,2.1264,600.0,2.08265,296.486,686.71,513.29,557.258,642.742,72.5582,41.5,2.1264,600.0,2.07972,278.396,671.337,528.663,547.686,652.314,72.5582,41.5,2.1264,600.0,2.07458,251.18,648.196,551.804,533.297,666.703,72.5582,41.5,2.07458,600.0,2.07,220.967,622.224,577.776,517.823,682.177,72.5582,41.5,2.07,346.22,2.01175,191.474,601.381,598.619,493.763,706.237,72.5582,41.5,2.01175,451.718,1.86798,156.431,577.797,622.203,457.849,742.151,72.5582,41.5,1.86798
0.240818,31.9473,1.84194,327.83,736.384,463.616,578.352,621.648,100.0,90.0,0.243189,53.8424,1.84192,328.086,736.633,463.367,578.413,621.587,100.0,90.0,0.24656,0.0,1.84192,328.086,736.633,463.367,578.413,621.587,100.0,90.0,0.24656,64.2907,1.84177,330.15,738.635,461.365,578.917,621.083,100.0,90.0,0.273714,107.806,1.8418,333.105,741.48,458.52,579.718,620.282,100.0,90.0,0.312561,51.6949,1.84209,334.465,742.763,457.237,580.177,619.823,100.0,85.0,0.330474,0.0,1.8422,334.623,742.906,457.094,580.255,619.745,100.0,85.0,0.332575,0.0,1.8422,334.623,742.906,457.094,580.255,619.745,100.0,85.0,0.332575,0.0,1.8422,334.623,742.906,457.094,580.255,619.745,100.0,85.0,0.332575,45.4048,1.84239,335.67,743.898,456.102,580.598,619.402,100.0,85.0,1.84239
0.829433,1243.75,1.45439,379.935,895.0,305.0,584.944,615.056,95.0,85.0,1.20788,1241.33,1.50617,444.447,961.156,238.844,600.366,599.634,95.0,85.0,1.36099,12.4386,1.50617,444.447,961.156,238.844,600.366,599.634,95.0,85.0,1.36099,57.021,1.50617,444.447,961.156,238.844,600.366,599.634,95.0,85.0,1.36099,101.357,1.50617,444.447,961.156,238.844,600.366,599.634,95.0,85.0,1.36099,0.0,1.50617,444.447,961.156,238.844,600.366,599.634,95.0,85.0,1.36099,0.0,1.50617,444.447,961.156,238.844,600.366,599.634,95.0,85.0,1.36099,0.0,1.50617,444.447,961.156,238.844,600.366,599.634,95.0,85.0,1.36099,0.0,1.50617,444.447,961.156,238.844,600.366,599.634,95.0,85.0,1.36099,0.0,1.50617,444.447,961.156,238.844,600.366,599.634,95.0,85.0,1.50617
1.56157,0.0,1.61964,429.12,946.244,253.756,650.022,549.978,92.5,80.0,1.56157,0.0,1.61964,429.12,946.244,253.756,650.022,549.978,92.5,80.0,1.56157,0.0,1.61964,429.12,946.244,253.756,650.022,549.978,92.5,80.0,1.56157,0.0,1.61964,429.12,946.244,253.756,650.022,549.978,92.5,80.0,1.56157,0.0,1.61964,429.12,946.244,253.756,650.022,549.978,92.5,80.0,1.56157,0.0,1.61964,429.12,946.244,253.756,650.022,549.978,92.5,80.0,1.56157,0.0,1.61964,429.12,946.244,253.756,650.022,549.978,92.5,80.0,1.56157,0.0,1.61964,429.12,946.244,253.756,650.022,549.978,92.5,80.0,1.56157,0.0,1.61964,429.12,946.244,253.756,650.022,549.978,92.5,80.0,1.56157,0.0,1.61964,429.12,946.244,253.756,650.022,549.978,92.5,80.0,1.61964
-2.81785,265.764,2.66419,464.376,633.899,566.101,903.003,296.997,92.5,73.0,-2.81785,323.283,2.64996,458.105,636.787,563.213,894.395,305.605,92.5,73.0,-2.81785,404.41,2.62388,447.274,641.883,558.117,879.208,320.792,92.5,73.0,-2.81785,484.089,2.59159,434.95,647.875,552.125,861.352,338.648,92.5,73.0,-2.81785,554.239,2.55718,423.013,653.914,546.086,843.354,356.646,92.5,73.0,-2.81785,210.592,2.54243,418.247,656.402,543.598,835.94,364.06,92.5,68.0,-2.81785,56.764,2.53885,417.119,656.998,543.002,834.163,365.837,92.5,68.0,-2.81785,0.0,2.53885,417.119,656.998,543.002,834.163,365.837,92.5,68.0,-2.81785,289.116,2.52089,411.005,659.574,540.426,824.888,375.112,92.5,68.0,-2.81785,248.131,2.49165,401.772,663.659,536.341,810.406,389.594,92.5,68.0,2.49165
3.10081,0.0,2.24004,383.879,721.605,478.395,728.702,471.298,90.0,65.0,3.0956,0.0,2.24004,383.879,721.605,478.395,728.702,471.298,90.0,65.0,3.0956,0.0,2.24004,383.879,721.605,478.395,728.702,471.298,90.0,65.0,3.0956,0.0,2.24004,383.879,721.605,478.395,728.702,471.298,90.0,65.0,3.0956,0.0,2.24004,383.879,721.605,478.395,728.702,471.298,90.0,65.0,3.0956,0.0,2.24004,383.879,721.605,478.395,728.702,471.298,90.0,65.0,3.0956,0.0,2.24004,383.879,721.605,478.395,728.702,471.298,90.0,65.0,3.0956,0.0,2.24004,383.879,721.605,478.395,728.702,471.298,90.0,65.0,3.0956,0.0,2.24004,383.879,721.605,478.395,728.702,471.298,90.0,65.0,3.0956,0.0,2.24004,383.879,721.605,478.395,728.702,471.298,90.0,61.5,2.24004
2.28402,0.0,1.87288,284.517,789.27,410.73,713.717,486.283,87.5,56.5,2.28402,0.0,1.87288,284.517,789.27,410.73,713.717,486.283,87.5,56.5,2.28402,0.0,1.87288,284.517,789.27,410.73,713.717,486.283,87.5,56.5,2.28402,0.0,1.87288,284.517,789.27,410.73,713.717,486.283,87.5,56.5,2.28402,0.0,1.87288,284.517,789.27,410.73,713.717,486.283,87.5,56.5,2.28402,0.0,1.87288,284.517,789.27,410.73,713.717,486.283,87.5,56.5,2.28402,0.0,1.87288,284.517,789.27,410.73,713.717,486.283,87.5,56.5,2.28402,0.0,1.87288,284.517,789.27,410.73,713.717,486.283,87.5,56.5,2.28402,0.0,1.87288,284.517,789.27,410.73,713.717,486.283,87.5,56.5,2.28402,0.0,1.87288,284.517,789.27,410.73,713.717,486.283,87.5,56.5,1.87288
1.88056,179.251,1.77059,356.643,867.185,332.815,699.85,500.15,85.0,56.5,1.88056,0.0,1.77059,356.643,867.185,332.815,699.85,500.15,85.0,56.5,1.88056,0.0,1.77059,356.643,867.185,332.815,699.85,500.15,85.0,56.5,1.88056,0.0,1.77059,356.643,867.185,332.815,699.85,500.15,85.0,56.5,1.88056,0.0,1.77059,356.643,867.185,332.815,699.85,500.15,85.0,56.5,1.88056,0.0,1.77059,356.643,867.185,332.815,699.85,500.15,85.0,56.5,1.88056,0.0,1.77059,356.643,867.185,332.815,699.85,500.15,85.0,56.5,1.88056,77.4263,1.76243,356.976,868.077,331.923,697.062,502.938,85.0,56.5,1.86187,150.0,1.74519,357.682,869.893,330.107,691.131,508.869,85.0,56.5,1.82228,0.0,1.74519,357.682,869.893,330.107,691.131,508.869,85.0,53.0,1.74519
1.44864,66.4713,1.56274,415.537,933.16,266.84,625.721,574.279,82.5,53.0,1.44864,106.465,1.56274,415.537,933.16,266.84,625.721,574.279,82.5,53.0,1.44864,142.158,1.56274,415.537,933.16,266.84,625.721,574.279,80.0,53.0,1.44864,1222.57,1.61624,446.493,963.668,236.332,649.352,550.648,80.0,53.0,1.5595,75.3573,1.61624,446.493,963.668,236.332,649.352,550.648,80.0,53.0,1.5595,38.5208,1.61624,446.493,963.668,236.332,649.352,550.648,80.0,53.0,1.5595,0.172448,1.61624,446.493,963.668,236.332,649.352,550.648,80.0,53.0,1.5595,37.2344,1.61624,446.493,963.668,236.332,649.352,550.648,80.0,53.0,1.5595,72.6279,1.61624,446.493,963.668,236.332,649.352,550.648,80.0,53.0,1.5595,106.208,1.61624,446.493,963.668,236.332,649.352,550.648,80.0,53.0,1.61624
1.5595,0.0,1.5595,245.603,963.668,236.332,649.352,550.648,80.0,53.0,1.5595,0.0,1.5595,245.603,963.668,236.332,649.352,550.648,80.0,53.0,1.5595,80.3377,1.56866,243.385,961.465,238.535,651.606,548.394,80.0,53.0,0.783257,0.0,1.56866,243.385,961.465,238.535,651.606,548.394,80.0,46.0,0.783257,0.0,1.56866,243.385,961.465,238.535,651.606,548.394,80.0,46.0,0.783257,0.0,1.56866,243.385,961.465,238.535,651.606,548.394,80.0,46.0,0.783257,0.0,1.56866,243.385,961.465,238.535,651.606,548.394,80.0,46.0,0.783257,0.0,1.56866,243.385,961.465,238.535,651.606,548.394,80.0,46.0,0.783257,0.0,1.56866,243.385,961.465,238.535,651.606,548.394,80.0,46.0,0.783257,0.0,1.56866,243.385,961.465,238.535,651.606,548.394,80.0,46.0,1.56866
-2.97038,217.246,2.63263,320.296,673.706,526.294,908.769,291.231,80.0,46.0,-2.97038,294.475,2.61023,311.74,675.598,524.402,897.826,302.174,80.0,46.0,-2.97038,364.968,2.58337,302.262,677.739,522.261,885.448,314.552,80.0,46.0,-2.97038,124.985,2.57342,298.949,678.499,521.501,881.049,318.951,80.0,41.0,-2.97038,17.3741,2.57221,298.556,678.59,521.41,880.524,319.476,80.0,41.0,-2.97038,41.9665,2.57019,297.902,678.745,521.255,879.649,320.351,80.0,41.0,-2.97038,477.937,2.53146,286.438,681.759,518.241,863.826,336.174,80.0,41.0,-2.97038,166.012,2.51578,281.617,682.595,517.405,857.317,342.683,80.0,41.0,-2.97038,440.999,2.47933,272.525,685.213,514.787,843.984,356.016,80.0,41.0,-2.97038,160.115,2.45768,269.367,687.83,512.17,837.859,362.141,80.0,41.0,2.45768
2.97109,106.299,2.42602,373.226,762.492,437.508,910.749,289.251,77.5,36.0,2.97153,139.571,2.4262,373.132,762.378,437.622,910.724,289.276,75.0,36.0,2.97194,1245.61,2.4287,413.025,787.764,412.236,941.512,258.488,75.0,36.0,2.90529,85.1928,2.4287,413.025,787.764,412.236,941.512,258.488,75.0,36.0,2.90529,0.0,2.4287,413.025,787.764,412.236,941.512,258.488,75.0,36.0,2.90529,0.0,2.4287,413.025,787.764,412.236,941.512,258.488,75.0,36.0,2.90529,0.0,2.4287,413.025,787.764,412.236,941.512,258.488,75.0,36.0,2.90529,0.0,2.4287,413.025,787.764,412.236,941.512,258.488,75.0,36.0,2.90529,0.0,2.4287,413.025,787.764,412.236,941.512,258.488,75.0,36.0,2.90529,0.0,2.4287,413.025,787.764,412.236,941.512,258.488,75.0,36.0,2.4287
2.68826,0.0,2.68826,366.997,878.814,321.186,982.054,217.946,70.0,36.0,2.68826,0.0,2.68826,366.997,878.814,321.186,982.054,217.946,70.0,36.0,2.68826,0.0,2.68826,366.997,878.814,321.186,982.054,217.946,70.0,36.0,2.68826,0.0,2.68826,366.997,878.814,321.186,982.054,217.946,70.0,46.0,2.68826,0.0,2.68826,366.997,878.814,321.186,982.054,217.946,70.0,46.0,2.68826,66.501,2.68826,364.838,877.868,322.132,980.113,219.887,70.0,46.0,2.68826,0.0,2.68826,364.838,877.868,322.132,980.113,219.887,70.0,39.0,2.68826,0.0,2.68826,364.838,877.868,322.132,980.113,219.887,70.0,39.0,2.68826,0.0,2.68826,364.838,877.868,322.132,980.113,219.887,70.0,39.0,2.68826,0.0,2.68826,364.838,877.868,322.132,980.113,219.887,70.0,39.0,2.68826
2.68826,116.18,2.40274,76.397,769.53,430.47,708.602,491.398,70.0,39.0,2.68826,17.0661,2.39761,76.4227,769.836,430.164,708.357,491.643,70.0,39.0,2.68826,0.0,2.39761,76.4227,769.836,430.164,708.357,491.643,70.0,39.0,2.68826,0.0,2.39761,76.4227,769.836,430.164,708.357,491.643,70.0,39.0,2.68826,0.0,2.39761,76.4227,769.836,430.164,708.357,491.643,70.0,39.0,2.68826,0.0,2.39761,76.4227,769.836,430.164,708.357,491.643,70.0,39.0,2.68826,0.0,2.39761,76.4227,769.836,430.164,708.357,491.643,70.0,39.0,2.68826,0.0,2.39761,76.4227,769.836,430.164,708.357,491.643,70.0,39.0,2.68826,0.0,2.39761,76.4227,769.836,430.164,708.357,491.643,70.0,39.0,2.68826,0.0,2.39761,76.4227,769.836,430.164,708.357,491.643,70.0,39.0,2.39761
2.68826,0.0,1.8754,264.369,769.836,430.164,708.357,491.643,70.0,39.0,2.39761,55.9704,1.87039,265.136,770.961,429.039,707.321,492.679,70.0,39.0,2.3776,108.75,1.86124,266.528,773.001,426.999,705.399,494.601,70.0,39.0,2.3776,13.5359,1.86013,266.701,773.252,426.748,705.162,494.838,70.0,35.5,2.3776,0.0,1.86013,266.701,773.252,426.748,705.162,494.838,70.0,35.5,2.3776,700.514,1.79856,276.085,786.591,413.409,691.41,508.59,70.0,35.5,2.3776,603.188,1.73454,287.77,801.557,398.443,675.982,524.018,70.0,35.5,2.3776,230.585,1.70798,293.277,808.158,391.842,669.176,530.824,70.0,35.5,2.3776,303.417,1.67082,301.708,817.836,382.164,659.199,540.801,70.0,35.5,2.3776,29.8557,1.66551,302.989,819.267,380.733,657.723,542.277,70.0,35.5,1.66551
1.94068,338.762,1.94068,274.641,974.147,225.853,751.411,448.589,62.5,32.5,1.94068,378.742,1.94068,274.641,974.147,225.853,751.411,448.589,62.5,32.5,1.94068,0.0,1.94068,274.641,974.147,225.853,751.411,448.589,62.5,32.5,1.94068,86.3318,1.95393,274.665,972.832,227.168,754.804,445.196,62.5,32.5,1.95393,150.0,1.97481,274.752,970.712,229.288,760.136,439.864,62.5,32.5,1.97481,150.0,1.99465,274.873,968.63,231.37,765.176,434.824,62.5,32.5,1.99465,150.0,2.01368,275.004,966.552,233.447,769.979,430.021,62.5,32.5,2.01368,150.0,2.03368,275.149,964.276,235.724,774.989,425.011,60.0,32.5,2.03368,1242.12,2.08872,314.886,991.67,208.33,808.019,391.981,60.0,32.5,2.08872,232.299,2.08872,314.886,991.67,208.33,808.019,391.981,60.0,32.5,2.08872
2.069,24.9378,2.069,423.057,1089.71,110.289,854.284,345.716,55.0,32.5,2.069,71.22,2.069,423.057,1089.71,110.289,854.284,345.716,55.0,32.5,2.069,118.286,2.069,423.057,1089.71,110.289,854.284,345.716,55.0,32.5,2.069,159.143,2.069,423.057,1089.71,110.289,854.284,345.716,55.0,42.5,2.069,198.621,2.069,423.057,1089.71,110.289,854.284,345.716,55.0,42.5,2.069,239.258,2.069,423.057,1089.71,110.289,854.284,345.716,55.0,42.5,2.069,277.216,2.069,423.057,1089.71,110.289,854.284,345.716,55.0,42.5,2.069,310.313,2.069,423.057,1089.71,110.289,854.284,345.716,55.0,42.5,2.069,344.755,2.069,423.057,1089.71,110.289,854.284,345.716,55.0,42.5,2.069,0.0,2.069,423.057,1089.71,110.289,854.284,345.716,55.0,42.5,2.069
1.38486,0.0,2.17025,500.411,1131.24,68.759,934.456,265.544,52.5,35.5,1.38486,0.0,2.17025,500.411,1131.24,68.759,934.456,265.544,52.5,35.5,1.38486,0.0,2.17025,500.411,1131.24,68.759,934.456,265.544,52.5,35.5,1.38486,0.0,2.17025,500.411,1131.24,68.759,934.456,265.544,52.5,35.5,1.38486,0.0,2.17025,500.411,1131.24,68.759,934.456,265.544,52.5,35.5,1.38486,0.0,2.17025,500.411,1131.24,68.759,934.456,265.544,52.5,35.5,1.38486,0.0,2.17025,500.411,1131.24,68.759,934.456,265.544,52.5,35.5,1.38486,0.0,2.17025,500.411,1131.24,68.759,934.456,265.544,52.5,35.5,1.38486,0.0,2.17025,500.411,1131.24,68.759,934.456,265.544,52.5,35.5,1.38486,0.0,2.17025,500.411,1131.24,68.759,934.456,265.544,52.5,35.5,2.17025
1.41787,1421.6,2.59632,580.453,1058.46,141.54,962.368,237.632,52.5,28.5,1.41787,825.208,2.66264,570.73,1020.43,179.571,972.599,227.401,52.5,28.5,1.41787,1234.17,2.74448,558.687,973.482,226.518,981.301,218.699,52.5,28.5,1.41787,337.982,2.77648,553.908,955.18,244.82,983.486,216.514,52.5,28.5,1.41787,156.372,2.7796,548.084,951.505,248.495,978.653,221.347,52.5,28.5,1.41787,67.5051,2.78181,544.032,948.946,251.054,975.288,224.712,52.5,28.5,1.41787,0.0,2.78181,544.032,948.946,251.054,975.288,224.712,52.5,28.5,1.41787,0.0,2.78181,544.032,948.946,251.054,975.288,224.712,52.5,28.5,1.41787,0.0,2.78181,544.032,948.946,251.054,975.288,224.712,52.5,28.5,1.41787,0.0,2.78181,544.032,948.946,251.054,975.288,224.712,52.5,28.5,2.78181
1.41787,0.0,2.95775,544.533,520.075,679.925,1025.9,174.096,52.5,28.5,-2.65444,79.7989,2.95841,541.444,519.162,680.838,1022.93,177.068,52.5,28.5,-2.64921,152.319,2.95953,536.085,517.594,682.406,1017.77,182.228,52.5,28.5,-2.64005,200.0,2.96094,529.183,515.613,684.387,1011.12,188.882,52.5,28.5,2.86972,42.8165,2.96125,527.686,515.183,684.817,1009.67,190.326,52.5,21.5,2.86972,0.0,2.96125,527.686,515.183,684.817,1009.67,190.326,52.5,21.5,2.86972,0.0,2.96125,527.686,515.183,684.817,1009.67,190.326,52.5,21.5,2.86972,0.0,2.96125,527.686,515.183,684.817,1009.67,190.326,52.5,21.5,2.86972,0.0,2.96125,527.686,515.183,684.817,1009.67,190.326,52.5,21.5,2.86972,0.0,2.96125,527.686,515.183,684.817,1009.67,190.326,52.5,21.5,2.96125
-0.596483,0.0,-0.607229,244.068,378.372,821.628,428.634,771.366,52.5,5.0,-0.596458,50.3212,-0.603179,244.059,379.191,820.809,428.079,771.921,52.5,5.0,-0.583454,105.931,-0.597937,248.398,377.803,822.197,423.769,776.231,52.5,5.0,-0.568321,63.5297,-0.590737,247.474,379.8,820.2,423.535,776.465,52.5,5.0,-0.545578,0.0,-0.589085,247.346,380.211,819.789,423.414,776.586,52.5,5.0,-0.540366,0.0,-0.589085,247.346,380.211,819.789,423.414,776.586,52.5,5.0,-0.540366,0.0,-0.580894,297.297,354.488,845.512,380.538,819.462,52.5,5.0,-0.540366,0.0,-0.580894,297.297,354.488,845.512,380.538,819.462,52.5,5.0,-0.540366,70.1799,-0.579186,295.026,356.156,843.844,382.16,817.84,52.5,5.0,-0.540366,0.0,-0.579163,294.978,356.187,843.813,382.196,817.804,52.5,5.0,-0.579163
-0.540366,0.0,-0.625808,244.92,374.174,825.826,430.565,769.435,52.5,5.0,-0.540366,53.6403,-0.619828,244.966,375.336,824.664,429.673,770.327,52.5,5.0,-0.540366,0.0,-0.617581,244.964,375.786,824.214,429.355,770.645,52.5,5.0,-0.540366,42.3008,-0.615992,244.481,376.383,823.617,429.525,770.475,52.5,5.0,-0.540366,0.0,-0.61584,244.294,376.521,823.479,429.656,770.344,52.5,5.0,-0.540366,41.7147,-0.615958,244.215,376.543,823.457,429.737,770.263,52.5,5.0,-0.540366,0.0,-0.616094,244.145,376.556,823.443,429.813,770.187,52.5,5.0,-0.540366,0.0,-0.619299,244.131,375.927,824.073,430.278,769.722,52.5,5.0,-0.540366,61.7317,-0.624992,244.112,374.809,825.191,431.103,768.897,52.5,5.0,-0.540366,0.0,-0.624992,244.112,374.809,825.191,431.103,768.897,52.5,5.0,-0.624992
-1.18383,11.9674,-0.818573,253.37,332.632,867.368,455.951,744.049,52.5,10.0,-1.18383,0.0,-0.818573,253.37,332.632,867.368,455.951,744.049,52.5,10.0,-1.18841,332.987,-0.806141,243.953,341.595,858.405,460.184,739.816,52.5,10.0,-1.19523,52.7995,-0.793675,236.081,349.326,850.674,463.523,736.477,52.5,10.0,-1.19874,0.0,-0.79337,236.103,349.361,850.639,463.456,736.544,52.5,10.0,-1.20019,44.9754,-0.793015,235.001,350.204,849.796,464.169,735.831,52.5,10.0,-1.20528,19.4371,-0.7928,233.943,350.993,849.007,464.876,735.124,52.5,10.0,-1.21024,42.9927,-0.796344,233.485,350.74,849.26,465.788,734.212,52.5,10.0,-1.22262,0.0,-0.796829,233.34,350.765,849.235,465.971,734.029,52.5,10.0,-1.22477,0.0,-0.79731,233.249,350.751,849.249,466.114,733.886,52.5,10.0,-0.79731
-0.938755,209.332,-0.710428,240.603,360.725,839.275,446.673,753.327,50.0,5.0,-0.938755,0.0,-0.710428,240.603,360.725,839.275,446.673,753.327,50.0,5.0,-0.938755,0.0,-0.710428,240.603,360.725,839.275,446.673,753.327,50.0,5.0,-0.938755,0.0,-0.710428,240.603,360.725,839.275,446.673,753.327,50.0,5.0,-0.938755,0.0,-0.710428,240.603,360.725,839.275,446.673,753.327,50.0,5.0,-0.938755,0.0,-0.710428,240.603,360.725,839.275,446.673,753.327,50.0,5.0,-0.938755,0.0,-0.710428,240.603,360.725,839.275,446.673,753.327,50.0,5.0,-0.938755,0.0,-0.710428,240.603,360.725,839.275,446.673,753.327,50.0,0.0,-0.938755,0.0,-0.710428,240.603,360.725,839.275,446.673,753.327,50.0,0.0,-0.938755,45.5313,-0.71452,240.377,360.128,839.872,447.487,752.513,50.0,0.0,-0.71452
-0.914755,0.0,-0.751151,315.782,302.121,897.879,398.264,801.736,47.5,0.0,-0.914755,0.0,-0.751151,315.782,302.121,897.879,398.264,801.736,47.5,0.0,-0.914755,0.0,-0.751151,315.782,302.121,897.879,398.264,801.736,47.5,0.0,-0.914755,0.0,-0.751151,315.782,302.121,897.879,398.264,801.736,47.5,0.0,-0.914755,71.2894,-0.743408,316.195,303.635,896.365,396.297,803.703,47.5,0.0,-0.898503,150.0,-0.72537,317.173,307.22,892.78,391.744,808.256,47.5,0.0,-0.860578,150.0,-0.705692,318.202,311.263,888.737,386.866,813.134,47.5,0.0,-0.819187,150.0,-0.686904,319.1,315.28,884.72,382.338,817.662,47.5,0.0,-0.779716,150.0,-0.665887,319.973,319.971,880.029,377.453,822.547,47.5,0.0,-0.735652,150.0,-0.642679,320.767,325.387,874.613,372.298,827.702,47.5,0.0,-0.642679
-0.415456,0.0,-0.500254,365.11,342.512,857.488,308.7,891.3,45.0,0.0,-0.415456,0.0,-0.500254,365.11,342.512,857.488,308.7,891.3,45.0,0.0,-0.415456,0.0,-0.500254,365.11,342.512,857.488,308.7,891.3,45.0,0.0,-0.415456,0.0,-0.500254,365.11,342.512,857.488,308.7,891.3,45.0,0.0,-0.415456,0.0,-0.500254,365.11,342.512,857.488,308.7,891.3,45.0,0.0,-0.415456,0.0,-0.500254,365.11,342.512,857.488,308.7,891.3,45.0,0.0,-0.415456,0.0,-0.500254,365.11,342.512,857.488,308.7,891.3,45.0,10.0,-0.415456,0.0,-0.500254,365.11,342.512,857.488,308.7,891.3,45.0,10.0,-0.415456,0.0,-0.500254,365.11,342.512,857.488,308.7,891.3,45.0,6.5,-0.415456,0.0,-0.500254,365.11,342.512,857.488,308.7,891.3,45.0,6.5,-0.500254
-0.166814,68.5668,-0.332281,427.168,378.294,821.706,225.268,974.732,42.5,3.5,-0.166814,534.196,-0.343246,405.016,381.33,818.67,247.679,952.321,42.5,3.5,-0.169757,1350.09,-0.36294,370.693,386.031,813.969,282.525,917.475,42.5,3.5,-0.175663,490.322,-0.375958,348.495,389.681,810.319,304.915,895.085,42.5,3.5,-0.175663,383.549,-0.390493,326.12,393.5,806.5,327.5,872.5,42.5,3.5,-0.175663,0.0,-0.393426,322.543,393.988,806.012,331.169,868.831,42.5,3.5,-0.204581,102.573,-0.407268,304.435,394.201,805.799,335.81,864.19,42.5,3.5,-0.204581,0.0,-0.407268,304.435,397.049,802.951,349.536,850.464,42.5,3.5,-0.204581,0.0,-0.407268,304.435,397.049,802.951,349.536,850.464,42.5,3.5,-0.204581,0.0,-0.407268,304.435,397.049,802.951,349.536,850.464,42.5,3.5,-0.407268
-0.303405,136.601,-0.497168,638.244,213.233,986.767,68.0934,1131.91,40.0,3.5,-0.303405,0.0,-0.497168,638.244,213.233,986.767,68.0934,1131.91,40.0,3.5,-0.303405,0.0,-0.497168,638.244,213.233,986.767,68.0934,1131.91,40.0,3.5,-0.303405,0.0,-0.497168,638.244,213.233,986.767,68.0934,1131.91,40.0,3.5,-0.303405,0.0,-0.497168,638.244,213.233,986.767,68.0934,1131.91,40.0,3.5,-0.303405,0.0,-0.497168,638.244,213.233,986.767,68.0934,1131.91,40.0,3.5,-0.329786,70.7262,-0.500939,638.656,210.922,989.078,68.8844,1131.12,40.0,3.5,-0.329786,147.941,-0.509532,639.629,205.645,994.355,70.6907,1129.31,40.0,3.5,-0.329786,229.324,-0.523512,641.321,197.023,1002.98,73.6418,1126.36,40.0,3.5,-0.329786,288.309,-0.541371,639.096,188.303,1011.7,81.363,1118.64,40.0,3.5,-0.541371
-0.329786,1360.46,-0.885879,675.896,194.618,1005.38,224.549,975.451,40.0,0.0,-0.329786,7751.5,-1.43521,400.055,321.698,878.302,598.049,601.951,40.0,0.0,-0.329786,723.035,-1.58563,391.388,326.736,873.264,657.932,542.068,40.0,0.0,-0.329786,812.86,-1.74645,388.742,335.32,864.68,720.06,479.94,40.0,0.0,-0.329786,92.5713,-1.75507,388.056,336.594,863.406,723.23,476.77,40.0,0.0,-0.329786,0.0,-1.75869,387.777,337.129,862.871,724.561,475.439,40.0,0.0,-0.329786,0.0,-1.75869,387.777,337.129,862.871,724.561,475.439,40.0,0.0,-0.329786,0.0,-1.75869,387.777,337.129,862.871,724.561,475.439,40.0,0.0,-0.329786,0.0,-1.75869,387.777,337.129,862.871,724.561,475.439,40.0,0.0,-1.14224,74.3461,-1.76274,385.578,339.584,860.416,725.683,474.317,40.0,0.0,-1.76274
-0.555806,300.0,-1.0212,439.039,343.697,856.303,422.797,777.203,40.0,20.0,-0.555806,300.0,-1.04265,444.065,334.522,865.478,428.349,771.651,40.0,20.0,-0.571078,300.0,-1.07031,450.793,322.578,877.422,435.811,764.189,40.0,20.0,-0.659653,300.0,-1.09397,456.331,312.651,887.349,442.687,757.313,40.0,20.0,-0.757391,300.0,-1.11806,461.385,303.179,896.821,450.302,749.698,40.0,20.0,-0.836804,300.0,-1.14077,465.605,294.867,905.133,458.018,741.982,40.0,20.0,-0.919271,300.0,-1.16486,469.407,286.821,913.179,466.769,733.231,40.0,20.0,-0.986466,300.0,-1.19029,472.773,279.123,920.877,476.542,723.458,40.0,20.0,-1.01395,300.0,-1.21712,475.956,271.583,928.417,487.281,712.719,40.0,20.0,-1.02006,300.0,-1.23892,478.538,265.655,934.345,496.212,703.788,40.0,20.0,-1.23892
-2.25011,150.0,-1.90845,445.595,297.646,902.354,799.74,400.26,40.0,30.0,-2.23061,22.4128,-1.90687,445.86,297.164,902.836,799.165,400.835,40.0,26.5,-2.22792,0.0,-1.90687,445.86,297.164,902.836,799.165,400.835,40.0,26.5,-2.22792,702.268,-1.8238,460.262,272.472,927.528,767.338,432.662,40.0,26.5,-2.08431,232.333,-1.80655,463.777,267.133,932.867,760.456,439.544,40.0,26.5,-2.05384,301.513,-1.78856,467.652,261.473,938.527,753.16,446.84,40.0,26.5,-2.0219,209.979,-1.77531,470.644,257.245,942.755,747.71,452.29,40.0,26.5,-1.99832,0.0,-1.77531,470.644,257.245,942.755,747.71,452.29,40.0,26.5,-1.99832,0.0,-1.77531,470.644,257.245,942.755,747.71,452.29,40.0,26.5,-1.99832,0.0,-1.77531,470.644,257.245,942.755,747.71,452.29,40.0,26.5,-1.77531
-1.81045,150.0,-1.65468,482.568,237.209,962.791,692.561,507.439,40.0,26.5,-1.79345,150.0,-1.64237,483.53,235.789,964.211,686.707,513.293,40.0,26.5,-1.77251,200.0,-1.62567,480.987,237.817,962.183,678.506,521.494,40.0,26.5,-1.74567,200.0,-1.60919,476.721,241.711,958.289,670.426,529.574,40.0,26.5,-1.71957,200.0,-1.59395,471.959,246.249,953.751,663.053,536.947,40.0,26.5,-1.69537,150.0,-1.58151,469.962,248.145,951.855,657.162,542.838,40.0,26.5,-1.67466,150.0,-1.56715,469.533,248.551,951.449,650.415,549.585,40.0,26.5,-1.64996,150.0,-1.55266,469.774,248.384,951.616,643.605,556.395,40.0,26.5,-1.62473,150.0,-1.53533,470.325,248.051,951.949,635.45,564.55,40.0,26.5,-1.59446,150.0,-1.49168,472.078,247.48,952.52,614.816,585.184,40.0,26.5,-1.49168
-1.30848,154.859,-1.30848,311.066,217.21,982.79,548.406,651.594,37.5,36.5,-1.30848,194.182,-1.30848,311.066,217.21,982.79,548.406,651.594,37.5,36.5,-1.30848,0.0,-1.30848,311.066,217.21,982.79,548.406,651.594,37.5,36.5,-1.30848,0.0,-1.30848,311.066,217.21,982.79,548.406,651.594,37.5,36.5,-1.30848,0.0,-1.30848,311.066,217.21,982.79,548.406,651.594,37.5,36.5,-1.30848,0.0,-1.30848,311.066,217.21,982.79,548.406,651.594,37.5,36.5,-1.30848,87.2139,-1.30848,307.352,220.797,979.203,549.369,650.631,37.5,36.5,-1.30848,173.407,-1.30848,300.054,227.846,972.154,551.262,648.738,37.5,36.5,-1.30848,0.0,-1.30848,298.754,229.102,970.898,551.599,648.401,37.5,29.5,-1.30848,0.0,-1.30848,298.754,229.102,970.898,551.599,648.401,37.5,29.5,-1.30848
-1.30848,1781.28,-1.32142,290.219,436.839,763.161,580.501,619.499,37.5,29.5,-1.30848,315.156,-1.28648,268.507,460.353,739.647,576.81,623.19,37.5,29.5,-1.30848,507.591,-1.19236,256.974,479.29,720.71,557.182,642.818,37.5,29.5,-1.30848,133.316,-1.15914,243.429,494.988,705.012,554.725,645.275,37.5,29.5,-1.30848,933.576,-1.07621,220.311,524.171,675.829,547.553,652.447,37.5,29.5,-1.30848,506.536,-1.07454,201.376,540.997,659.003,556.244,643.756,37.5,29.5,-1.30848,200.152,-1.06558,194.535,547.849,652.151,557.973,642.027,37.5,29.5,-1.30848,45.6782,-1.06379,193.224,549.164,650.836,558.305,641.695,37.5,29.5,-1.30848,0.0,-1.06379,193.224,549.164,650.836,558.305,641.695,37.5,29.5,-1.30848,0.0,-1.06379,193.224,549.164,650.836,558.305,641.695,37.5,29.5,-1.06379
0.419127,0.0,-0.716875,212.224,578.643,621.357,492.139,707.861,37.5,26.0,0.419127,0.0,-0.716875,212.224,578.643,621.357,492.139,707.861,37.5,26.0,0.419127,0.0,-0.716875,212.224,578.643,621.357,492.139,707.861,37.5,26.0,0.419127,0.0,-0.716875,212.224,578.643,621.357,492.139,707.861,35.0,26.0,0.419127,1238.21,-0.896062,236.721,533.232,666.768,504.25,695.75,35.0,26.0,0.124301,318.468,-0.896062,236.721,533.232,666.768,504.25,695.75,35.0,26.0,0.124301,278.155,-0.896062,236.721,533.232,666.768,504.25,695.75,35.0,26.0,0.124301,238.533,-0.896062,236.721,533.232,666.768,504.25,695.75,35.0,26.0,0.124301,199.988,-0.896062,236.721,533.232,666.768,504.25,695.75,35.0,26.0,0.124301,162.616,-0.896062,236.721,533.232,666.768,504.25,695.75,35.0,26.0,-0.896062
-0.582106,700.697,-1.59746,341.176,416.352,783.648,475.185,724.815,32.5,19.0,-0.582106,603.082,-1.55353,351.083,406.376,793.624,460.029,739.971,32.5,19.0,-0.582106,151.528,-1.54202,353.891,403.662,796.338,455.905,744.095,32.5,19.0,-0.582106,301.811,-1.519,359.784,398.105,801.895,447.463,752.537,32.5,19.0,-0.582106,212.069,-1.50208,364.37,393.897,806.103,441.069,758.931,32.5,19.0,-0.582106,0.0,-1.50208,364.37,393.897,806.103,441.069,758.931,32.5,19.0,-0.582106,0.0,-1.50208,364.37,393.897,806.103,441.069,758.931,32.5,19.0,-0.582106,0.0,-1.50208,364.37,393.897,806.103,441.069,758.931,32.5,19.0,-0.582106,0.0,-1.50208,364.37,393.897,806.103,441.069,758.931,32.5,19.0,-0.582106,0.0,-1.50208,364.37,393.897,806.103,441.069,758.931,32.5,19.0,-1.50208
-0.111982,0.0,-1.69192,389.388,370.872,829.128,513.14,686.86,32.5,12.0,-0.111982,0.0,-1.69192,389.388,370.872,829.128,513.14,686.86,32.5,12.0,-0.111982,0.0,-1.69192,389.388,370.872,829.128,513.14,686.86,32.5,12.0,-0.111982,0.0,-1.69192,389.388,370.872,829.128,513.14,686.86,32.5,12.0,-0.111982,0.0,-1.69192,389.388,370.872,829.128,513.14,686.86,32.5,12.0,-0.111982,0.0,-1.69192,389.388,370.872,829.128,513.14,686.86,32.5,12.0,-0.111982,0.0,-1.69192,389.388,370.872,829.128,513.14,686.86,32.5,12.0,-0.111982,228.124,-1.71017,386.882,374.277,825.723,519.838,680.162,32.5,12.0,-0.111982,610.898,-1.77262,385.31,379.918,820.082,543.327,656.673,32.5,12.0,-0.111982,1306.12,-1.89874,387.79,390.284,809.716,590.997,609.003,32.5,12.0,-1.89874
-2.64963,261.701,-2.38232,515.36,402.637,797.363,839.9,360.1,32.5,12.0,-2.64224,346.341,-2.37212,501.713,408.337,791.663,826.459,373.54,32.5,12.0,-2.6359,407.906,-2.36392,490.037,413.587,786.413,815.265,384.735,32.5,12.0,-2.63201,491.216,-2.35102,470.963,422.667,777.333,797.383,402.617,32.5,12.0,-2.62788,205.426,-2.34699,465.316,425.363,774.637,792.074,407.926,32.5,7.0,-2.62788,30.9888,-2.34615,464.167,425.912,774.088,790.993,409.007,32.5,7.0,-2.62788,83.6996,-2.34493,460.897,427.854,772.146,788.302,411.698,32.5,7.0,-2.62788,499.497,-2.33622,446.131,435.706,764.294,775.187,424.813,32.5,7.0,-2.62788,677.259,-2.32191,427.382,445.022,754.978,757.759,442.241,32.5,7.0,-2.62788,260.973,-2.31587,416.867,450.993,749.007,748.735,451.265,32.5,7.0,-2.31587
-2.49856,159.184,-2.29141,465.414,407.693,792.307,773.189,426.811,30.0,2.0,-2.49355,0.0,-2.29105,465.023,407.877,792.123,772.806,427.194,30.0,2.0,-2.49308,0.0,-2.29105,465.023,407.877,792.123,772.806,427.194,30.0,2.0,-2.49308,0.0,-2.29105,465.023,407.877,792.123,772.806,427.194,30.0,2.0,-2.49308,0.0,-2.29105,465.023,407.877,792.123,772.806,427.194,30.0,2.0,-2.49308,0.0,-2.29105,465.023,407.877,792.123,772.806,427.194,30.0,2.0,-2.49308,0.0,-2.29105,465.023,407.877,792.123,772.806,427.194,30.0,2.0,-2.49308,0.0,-2.29105,465.023,407.877,792.123,772.806,427.194,30.0,2.0,-2.49308,0.0,-2.29105,465.023,407.877,792.123,772.806,427.194,30.0,2.0,-2.49308,0.0,-2.29105,465.023,407.877,792.123,772.806,427.194,30.0,2.0,-2.29105
-2.01763,150.0,-2.09911,480.828,342.136,857.864,708.464,491.536,30.0,0.0,-1.99837,150.0,-2.08841,480.468,339.879,860.121,703.828,496.172,30.0,0.0,-1.97158,150.0,-2.07696,479.99,337.601,862.399,698.799,501.201,30.0,0.0,-1.94292,150.0,-2.06522,479.405,335.414,864.586,693.577,506.423,30.0,0.0,-1.91356,150.0,-2.05493,478.814,333.62,866.38,688.951,511.049,30.0,0.0,-1.88787,150.0,-2.04403,478.101,331.849,868.151,683.99,516.01,30.0,0.0,-1.86062,150.0,-2.03442,477.405,330.399,869.601,679.583,520.417,30.0,0.0,-1.83664,150.0,-2.0233,476.508,328.856,871.144,674.426,525.574,30.0,0.0,-1.80885,150.0,-2.01265,475.57,327.511,872.489,669.45,530.55,30.0,0.0,-1.78226,150.0,-2.00185,474.534,326.281,873.719,664.365,535.635,30.0,0.0,-2.00185
-1.30574,150.0,-1.79547,459.865,309.1,890.9,568.54,631.46,30.0,0.0,-1.28889,150.0,-1.78441,461.417,306.478,893.522,563.905,636.095,30.0,0.0,-1.272,150.0,-1.77404,462.859,304.075,895.925,559.516,640.484,30.0,0.0,-1.25642,150.0,-1.76361,464.291,301.72,898.28,555.057,644.943,30.0,0.0,-1.24099,150.0,-1.75304,465.72,299.399,900.601,550.496,649.504,30.0,0.0,-1.22558,150.0,-1.74245,467.133,297.139,902.861,545.879,654.121,30.0,0.0,-1.21035,225.959,-1.72522,469.418,293.575,906.425,538.291,661.709,30.0,0.0,-1.21035,295.802,-1.70468,472.29,289.344,910.656,529.132,670.868,30.0,0.0,-1.21035,300.0,-1.68242,475.63,284.737,915.263,519.07,680.93,30.0,0.0,-1.21035,300.0,-1.66112,479.073,280.286,919.714,509.301,690.699,30.0,0.0,-1.66112
-1.1401,300.0,-1.32038,575.437,199.918,1000.08,323.494,876.506,30.0,10.0,-1.1401,300.0,-1.31214,585.6,191.287,1008.71,316.305,883.695,30.0,10.0,-1.12788,300.0,-1.30629,595.874,182.257,1017.74,310.306,889.694,30.0,10.0,-1.12483,300.0,-1.30142,607.069,172.232,1027.77,304.527,895.473,30.0,10.0,-1.12483,300.0,-1.29808,616.077,164.099,1035.9,300.149,899.851,30.0,10.0,-1.12483,300.0,-1.30015,626.498,153.715,1046.28,298.591,901.409,30.0,10.0,-1.12483,300.0,-1.30553,636.581,143.092,1056.91,299.198,900.802,30.0,10.0,-1.12483,300.0,-1.31201,645.593,133.312,1066.69,300.875,899.125,30.0,10.0,-1.12483,300.0,-1.31917,654.275,123.735,1076.26,303.191,896.809,30.0,10.0,-1.12483,300.0,-1.33137,661.267,115.003,1085.0,309.272,890.728,30.0,10.0,-1.33137
-1.12483,400.0,-1.68886,613.489,148.188,1051.81,538.351,661.649,30.0,20.0,-1.1401,400.0,-1.70928,610.741,152.513,1047.49,550.398,649.602,30.0,20.0,-1.16148,400.0,-1.73252,607.765,157.573,1042.43,563.954,636.046,30.0,20.0,-1.18591,300.0,-1.74765,607.159,159.719,1040.28,572.911,627.089,30.0,20.0,-1.20119,300.0,-1.76462,609.279,159.536,1040.46,583.443,616.557,30.0,20.0,-1.23173,300.0,-1.78315,613.7,157.493,1042.51,595.436,604.564,30.0,20.0,-1.27449,300.0,-1.79921,618.41,155.059,1044.94,606.119,593.881,30.0,20.0,-1.3142,300.0,-1.81513,623.488,152.437,1047.56,616.914,583.086,30.0,20.0,-1.3539,300.0,-1.82785,627.644,150.385,1049.61,625.659,574.341,30.0,20.0,-1.3875,300.0,-1.84279,632.484,148.174,1051.83,636.005,563.995,30.0,20.0,-1.84279
-1.92506,300.0,-2.14251,669.656,194.242,1005.76,828.421,371.579,30.0,30.0,-1.97088,300.0,-2.16612,673.228,199.995,1000.01,843.617,356.383,30.0,30.0,-2.11137,300.0,-2.17848,674.675,203.517,996.483,851.307,348.693,30.0,30.0,-2.14803,300.0,-2.19226,675.878,207.898,992.102,859.602,340.398,30.0,30.0,-2.22744,300.0,-2.20475,676.572,212.299,987.701,866.847,333.153,30.0,30.0,-2.27325,334.851,-2.22206,672.868,222.261,977.739,873.975,326.025,30.0,30.0,-2.32212,400.0,-2.24267,664.284,237.502,962.498,879.578,320.422,30.0,30.0,-2.35878,400.0,-2.25804,656.288,250.097,949.903,882.444,317.556,30.0,30.0,-2.37099,400.0,-2.27428,646.495,264.394,935.606,884.293,315.707,30.0,30.0,-2.38626,300.0,-2.28646,640.857,273.778,926.222,886.565,313.435,30.0,30.0,-2.28646
-2.9055,583.117,-2.52482,528.623,451.647,748.353,897.312,302.688,30.0,40.0,-2.9055,600.0,-2.51543,511.792,457.476,742.524,880.785,319.215,27.5,40.0,-2.9095,1247.61,-2.50356,551.416,428.974,771.026,909.025,290.975,27.5,40.0,-2.83713,45.8552,-2.50356,551.416,428.974,771.026,909.025,290.975,27.5,40.0,-2.83713,13.4809,-2.50356,551.416,428.974,771.026,909.025,290.975,27.5,40.0,-2.83713,20.8263,-2.50356,551.416,428.974,771.026,909.025,290.975,27.5,40.0,-2.83713,56.1061,-2.50356,551.416,428.974,771.026,909.025,290.975,27.5,40.0,-2.83713,90.1126,-2.50356,551.416,428.974,771.026,909.025,290.975,27.5,40.0,-2.83713,128.198,-2.50356,551.416,428.974,771.026,909.025,290.975,27.5,40.0,-2.83713,0.0,-2.50356,551.416,428.974,771.026,909.025,290.975,27.5,40.0,-2.50356
-2.83713,0.0,-2.29727,386.754,428.974,771.026,909.025,290.975,27.5,40.0,-2.83713,0.0,-2.29727,386.754,428.974,771.026,909.025,290.975,27.5,50.0,-2.83713,0.0,-2.29727,386.754,428.974,771.026,909.025,290.975,27.5,50.0,-2.83713,0.0,-2.29727,386.754,428.974,771.026,909.025,290.975,27.5,50.0,-2.83713,0.0,-2.29727,386.754,428.974,771.026,909.025,290.975,27.5,50.0,-2.83713,0.0,-2.29727,386.754,428.974,771.026,909.025,290.975,27.5,50.0,-2.83713,0.0,-2.29727,386.754,428.974,771.026,909.025,290.975,27.5,50.0,2.66065,0.0,-2.29727,386.754,428.974,771.026,909.025,290.975,27.5,43.0,2.66065,0.0,-2.29727,386.754,428.974,771.026,909.025,290.975,27.5,43.0,2.66065,0.0,-2.29727,386.754,428.974,771.026,909.025,290.975,27.5,43.0,-2.29727
-1.21821,340.919,-1.74002,472.807,291.354,908.646,545.72,654.28,27.5,43.0,-1.21821,429.391,-1.76026,456.82,308.762,891.238,552.125,647.875,27.5,43.0,-1.21821,516.318,-1.78607,438.192,329.329,870.671,559.693,640.307,27.5,43.0,-1.21821,218.674,-1.79519,432.035,336.203,863.797,562.222,637.778,27.5,38.0,-1.21821,37.5811,-1.79704,430.807,337.579,862.421,562.729,637.271,27.5,38.0,-1.21821,144.08,-1.80352,427.365,341.563,858.437,564.651,635.349,27.5,38.0,-1.21821,624.381,-1.83402,409.328,362.178,837.822,572.595,627.405,27.5,38.0,-1.21821,458.213,-1.85771,395.142,378.418,821.582,577.913,622.087,27.5,38.0,-1.21821,382.531,-1.87832,385.425,390.064,809.937,582.757,617.243,27.5,38.0,-1.21821,214.295,-1.8908,381.753,395.035,804.965,586.179,613.821,27.5,38.0,-1.8908
-1.23806,0.0,-1.81303,426.002,343.842,856.158,568.277,631.723,27.5,34.5,-1.23814,0.0,-1.81303,426.002,343.842,856.158,568.277,631.723,27.5,34.5,-1.23814,0.0,-1.81303,426.002,343.842,856.158,568.277,631.723,27.5,34.5,-1.23814,0.0,-1.81303,426.002,343.842,856.158,568.277,631.723,27.5,31.5,-1.23814,0.0,-1.81303,426.002,343.842,856.158,568.277,631.723,27.5,31.5,-1.23814,569.072,-1.84642,406.687,366.07,833.93,576.767,623.233,27.5,31.5,-1.24294,518.558,-1.88237,388.227,387.872,812.128,585.104,614.896,27.5,31.5,-1.24935,843.165,-1.95422,356.612,426.688,773.312,599.497,600.503,27.5,31.5,-1.24935,195.753,-1.98474,344.521,441.984,758.016,604.664,595.336,27.5,31.5,-1.24935,0.0,-1.99054,343.919,443.341,756.659,606.244,593.756,27.5,31.5,-1.99054
-1.73153,1240.65,-2.01207,500.331,305.003,894.997,679.774,520.226,25.0,31.5,-1.8075,1240.74,-2.01621,583.41,230.919,969.081,717.442,482.558,25.0,31.5,-1.87125,1242.65,-2.01832,637.072,183.072,1016.93,741.77,458.23,25.0,31.5,-1.89682,1246.53,-2.0203,697.543,129.155,1070.84,769.184,430.816,25.0,31.5,-1.91779,561.001,-2.03323,734.263,100.263,1099.74,793.661,406.339,25.0,31.5,-1.94706,562.223,-2.05876,743.949,100.284,1099.72,814.872,385.128,25.0,31.5,-1.99007,0.0,-2.05876,743.949,100.284,1099.72,814.872,385.128,25.0,31.5,-1.99007,0.0,-2.05876,743.949,100.284,1099.72,814.872,385.128,25.0,31.5,-1.99007,0.0,-2.05876,743.949,100.284,1099.72,814.872,385.128,25.0,31.5,-1.99007,0.0,-2.05876,743.949,100.284,1099.72,814.872,385.128,25.0,31.5,-2.05876
-1.90515,0.0,-2.02057,645.642,175.975,1024.02,746.787,453.213,25.0,24.5,-1.90515,0.0,-2.02057,645.642,175.975,1024.02,746.787,453.213,25.0,24.5,-1.90515,0.0,-2.02057,645.642,175.975,1024.02,746.787,453.213,25.0,24.5,-1.90515,0.0,-2.02057,645.642,175.975,1024.02,746.787,453.213,25.0,24.5,-1.90515,0.0,-2.02057,645.642,175.975,1024.02,746.787,453.213,25.0,24.5,-1.90515,0.0,-2.02057,645.642,175.975,1024.02,746.787,453.213,25.0,24.5,-1.90515,692.239,-2.01773,612.287,205.262,994.738,730.722,469.278,25.0,24.5,-1.90515,927.742,-2.01843,552.381,259.45,940.55,705.178,494.822,25.0,24.5,-1.90515,1707.74,-2.01888,474.356,329.879,870.121,671.597,528.403,25.0,24.5,-1.90515,1120.79,-2.02117,413.595,385.053,814.947,646.127,553.873,25.0,24.5,-2.02117
-0.435463,150.0,-0.359236,76.8805,492.441,707.559,556.066,643.934,25.0,24.5,-0.359236,150.0,-0.284487,77.3456,497.761,702.239,553.802,646.198,25.0,24.5,-0.284487,150.0,-0.201235,77.9297,503.892,696.108,551.682,648.318,25.0,24.5,-0.201235,150.0,-0.117885,78.5537,510.23,689.77,550.03,649.97,25.0,24.5,-0.117885,0.0,-0.117885,78.5537,510.23,689.77,550.03,649.97,22.5,19.5,-0.117885,1242.59,-0.56758,114.557,457.884,742.116,531.444,668.556,22.5,19.5,-0.56758,545.158,-0.682336,95.0092,459.555,740.445,554.302,645.698,22.5,19.5,-0.682336,410.828,-0.699298,78.6286,468.857,731.143,567.865,632.135,20.0,19.5,-0.699298,1262.85,-1.12348,100.944,428.457,771.543,584.376,615.624,20.0,19.5,-1.12348,1254.84,-1.39553,140.185,381.431,818.569,603.595,596.405,20.0,19.5,-1.39553
-1.77038,4.71892,-1.77038,438.983,89.1996,1110.8,715.072,484.928,17.5,19.5,-1.77038,49.1745,-1.77038,438.983,89.1996,1110.8,715.072,484.928,17.5,19.5,-1.77038,100.979,-1.77038,438.983,89.1996,1110.8,715.072,484.928,17.5,19.5,-1.77038,148.409,-1.77038,438.983,89.1996,1110.8,715.072,484.928,17.5,19.5,-1.77038,193.134,-1.77038,438.983,89.1996,1110.8,715.072,484.928,17.5,19.5,-1.77038,236.067,-1.77038,438.983,89.1996,1110.8,715.072,484.928,17.5,19.5,-1.77038,279.233,-1.77038,438.983,89.1996,1110.8,715.072,484.928,17.5,19.5,-1.77038,331.024,-1.77038,438.983,89.1996,1110.8,715.072,484.928,17.5,19.5,-1.77038,0.0,-1.77038,438.983,89.1996,1110.8,715.072,484.928,17.5,19.5,-1.77038,0.0,-1.77038,438.983,89.1996,1110.8,715.072,484.928,17.5,19.5,-1.77038
-1.77038,327.136,-1.74743,395.147,130.471,1069.53,697.474,502.526,17.5,12.5,-1.77038,1607.19,-1.71511,315.923,206.83,993.17,673.472,526.528,17.5,12.5,-1.77038,767.628,-1.68214,264.379,256.727,943.273,657.416,542.584,17.5,12.5,-1.77038,1870.93,-1.58336,176.204,343.279,856.721,630.252,569.748,17.5,12.5,-1.77038,1019.59,-1.51232,121.403,398.274,801.726,620.944,579.056,17.5,12.5,-1.77038,109.467,-1.47674,77.059,442.75,757.25,620.802,579.198,17.5,12.5,-1.77038,0.0,-1.47467,77.0479,442.777,757.223,620.644,579.356,17.5,12.5,-1.77038,57.5407,-1.41402,77.1536,443.262,756.738,615.992,584.008,17.5,12.5,-1.77038,53.3719,-1.41884,77.0119,443.344,756.656,616.382,583.618,17.5,12.5,-1.77038,0.0,-1.41894,77.012,443.343,756.657,616.389,583.611,17.5,12.5,-1.41894
-1.41894,0.0,-1.41894,144.78,376.355,823.645,606.138,593.862,17.5,9.0,-1.41894,0.0,-1.41894,144.78,376.355,823.645,606.138,593.862,17.5,9.0,-1.41894,0.0,-1.41894,144.78,376.355,823.645,606.138,593.862,17.5,9.0,-1.41894,0.0,-1.41894,144.78,376.355,823.645,606.138,593.862,17.5,5.5,-1.41894,0.0,-1.41894,144.78,376.355,823.645,606.138,593.862,17.5,5.5,-1.41894,701.014,-1.41894,171.698,349.746,850.254,602.066,597.934,17.5,5.5,-1.41894,356.624,-1.41894,188.579,333.06,866.94,599.513,600.487,17.5,5.5,-1.41894,402.128,-1.41894,205.442,316.391,883.609,596.962,603.038,17.5,5.5,-1.41894,59.084,-1.41894,210.353,311.536,888.464,596.219,603.781,17.5,5.5,-1.41894,0.0,-1.41894,210.353,311.536,888.464,596.219,603.781,17.5,2.5,-1.41894
-1.54186,35.6964,-1.54186,389.201,130.43,1069.57,616.778,583.222,10.0,2.5,-1.54186,13.6289,-1.54186,389.201,130.43,1069.57,616.778,583.222,10.0,2.5,-1.54186,63.2838,-1.54186,389.201,130.43,1069.57,616.778,583.222,10.0,2.5,-1.54186,112.076,-1.54186,389.201,130.43,1069.57,616.778,583.222,10.0,2.5,-1.54186,157.741,-1.54186,389.201,130.43,1069.57,616.778,583.222,10.0,2.5,-1.54186,205.03,-1.54186,389.201,130.43,1069.57,616.778,583.222,10.0,2.5,-1.54186,250.192,-1.54186,389.201,130.43,1069.57,616.778,583.222,10.0,2.5,-1.54186,298.203,-1.54186,389.201,130.43,1069.57,616.778,583.222,10.0,2.5,-1.54186,368.987,-1.53492,389.211,130.509,1069.49,614.079,585.921,10.0,2.5,-1.53492,129.522,-1.52407,385.055,134.834,1065.17,610.053,589.947,10.0,2.5,-1.52407
-2.30947,0.0,-1.79761,638.523,135.238,1064.76,609.677,590.323,10.0,0.0,-2.30947,0.0,-1.79761,638.523,135.238,1064.76,609.677,590.323,10.0,0.0,-2.30947,0.0,-1.79761,638.523,135.238,1064.76,609.677,590.323,10.0,0.0,-2.30947,0.0,-1.79761,638.523,135.238,1064.76,609.677,590.323,10.0,0.0,-2.30947,0.0,-1.79761,638.523,135.238,1064.76,609.677,590.323,10.0,0.0,-2.30947,0.0,-1.79761,638.523,135.238,1064.76,609.677,590.323,10.0,0.0,-2.30947,228.64,-1.781,635.708,135.691,1064.31,598.734,601.266,10.0,0.0,-2.30947,611.793,-1.74591,608.18,158.528,1041.47,572.044,627.956,10.0,0.0,-2.30947,1904.35,-1.64613,542.503,216.443,983.557,506.922,693.078,10.0,0.0,-2.30947,824.748,-1.57341,506.099,251.31,948.69,467.412,732.588,10.0,0.0,-1.57341
-0.215644,194.655,-1.16798,327.798,455.846,744.154,337.59,862.41,10.0,0.0,-0.215644,291.502,-1.20309,320.003,458.795,741.205,351.055,848.945,10.0,0.0,-0.215644,392.498,-1.25526,309.763,462.937,737.063,369.963,830.037,10.0,0.0,-0.215644,470.57,-1.30666,301.073,466.776,733.224,387.486,812.514,10.0,0.0,-0.215644,550.439,-1.37197,291.787,471.369,728.631,408.455,791.545,10.0,0.0,-0.215644,600.0,-1.45134,282.811,476.611,723.389,432.387,767.613,10.0,0.0,-0.215644,600.0,-1.55039,274.698,482.766,717.234,460.484,739.516,10.0,0.0,-0.215644,600.0,-1.65117,269.543,488.734,711.266,487.73,712.27,10.0,0.0,-0.215644,600.0,-1.76846,267.124,495.485,704.515,518.547,681.453,10.0,0.0,-0.215644,600.0,-1.87626,268.162,501.659,698.341,546.735,653.265,10.0,0.0,-1.87626
-1.06886,0.668638,-1.84482,366.151,404.917,795.083,565.171,634.829,5.0,10.0,-1.06886,55.8834,-1.84482,366.151,404.917,795.083,565.171,634.829,5.0,10.0,-1.06886,104.697,-1.84482,366.151,404.917,795.083,565.171,634.829,5.0,10.0,-1.06886,151.906,-1.84482,366.151,404.917,795.083,565.171,634.829,5.0,10.0,-1.06886,199.335,-1.84482,366.151,404.917,795.083,565.171,634.829,5.0,10.0,-1.06886,247.84,-1.84482,366.151,404.917,795.083,565.171,634.829,5.0,10.0,-1.06886,289.049,-1.84482,366.151,404.917,795.083,565.171,634.829,5.0,6.5,-1.06886,332.9,-1.84482,366.151,404.917,795.083,565.171,634.829,5.0,6.5,-1.06886,399.817,-1.89093,383.927,392.986,807.014,586.91,613.09,5.0,6.5,-1.2564,501.688,-1.92668,399.549,382.894,817.106,605.3,594.7,5.0,6.5,-1.92668
-1.92745,0.0,-2.083,443.338,370.965,829.035,683.37,516.63,5.0,0.0,-1.92745,0.0,-2.083,443.338,370.965,829.035,683.37,516.63,5.0,0.0,-1.92745,0.0,-2.083,443.338,370.965,829.035,683.37,516.63,5.0,0.0,-1.93661,65.5802,-2.08769,443.649,371.716,828.284,685.331,514.669,5.0,0.0,-1.93661,145.492,-2.10031,444.539,373.747,826.253,690.632,509.368,5.0,0.0,-1.93661,216.327,-2.11687,445.819,376.423,823.577,697.62,502.38,5.0,0.0,-1.93661,288.445,-2.13919,447.752,380.057,819.943,707.105,492.895,5.0,0.0,-1.93661,300.0,-2.16171,449.947,383.756,816.244,716.763,483.237,5.0,0.0,-1.93661,300.0,-2.18627,452.629,387.835,812.165,727.412,472.588,5.0,0.0,-1.93967,300.0,-2.21002,455.5,391.842,808.158,737.83,462.17,5.0,0.0,-2.21002
-2.17485,300.0,-2.49361,572.904,411.614,788.386,922.867,277.133,5.0,0.0,-2.17485,300.0,-2.51891,579.036,419.705,780.295,936.451,263.549,5.0,0.0,-2.17485,300.0,-2.53648,583.152,425.68,774.32,945.697,254.303,5.0,0.0,-2.17485,336.012,-2.55444,584.141,433.798,766.202,952.4,247.6,5.0,0.0,-2.17485,395.291,-2.57815,582.869,446.095,753.905,958.858,241.142,5.0,0.0,-2.17485,400.0,-2.59977,580.608,457.986,742.014,963.535,236.465,5.0,0.0,-2.17485,400.0,-2.62738,576.707,473.753,726.247,968.216,231.784,5.0,0.0,-2.17485,400.0,-2.6536,572.727,488.882,711.118,971.965,228.035,5.0,0.0,-2.2451,400.0,-2.68012,568.234,504.393,695.607,974.886,225.114,5.0,0.0,-2.28175,400.0,-2.70829,563.099,520.977,679.023,977.149,222.851,5.0,0.0,-2.70829
-1.69172,1238.75,-1.63447,439.262,279.709,920.291,680.079,519.921,2.5,45.0,-1.77329,1238.77,-1.66845,478.877,241.485,958.515,698.819,501.181,2.5,45.0,-1.81024,1239.51,-1.69319,512.924,208.993,991.007,714.749,485.251,2.5,45.0,-1.83421,1241.11,-1.71708,551.088,172.878,1027.12,732.455,467.545,2.5,45.0,-1.85535,1243.87,-1.74019,594.176,132.409,1067.59,752.295,447.705,2.5,45.0,-1.87417,441.866,-1.76319,629.949,99.7545,1100.25,772.58,427.42,2.5,45.0,-1.89572,57.5408,-1.76319,629.949,99.7545,1100.25,772.58,427.42,2.5,45.0,-1.89572,89.2748,-1.76319,629.949,99.7545,1100.25,772.58,427.42,2.5,45.0,-1.89572,0.0,-1.76319,629.949,99.7545,1100.25,772.58,427.42,2.5,45.0,-1.89572,0.0,-1.76319,629.949,99.7545,1100.25,772.58,427.42,2.5,45.0,-1.76319
-1.69117,0.0,-1.62086,643.186,75.7005,1124.3,684.315,515.685,2.5,41.5,-1.69117,90.0205,-1.61473,643.476,75.2254,1124.77,680.387,519.613,2.5,41.5,-1.68236,150.0,-1.60348,644.026,74.3985,1125.6,673.174,526.826,2.5,41.5,-1.66622,150.0,-1.59491,644.446,73.8225,1126.18,667.665,532.335,2.5,41.5,-1.6539,200.0,-1.58345,641.636,76.4966,1123.5,660.247,539.753,2.5,41.5,-1.63784,270.685,-1.57002,636.564,81.5166,1118.48,651.631,548.369,2.5,41.5,-1.63784,300.0,-1.55607,633.916,84.233,1115.77,642.79,557.21,2.5,41.5,-1.63784,300.0,-1.54011,632.631,85.7477,1114.25,632.714,567.286,2.5,41.5,-1.63784,267.928,-1.5266,631.678,87.0196,1112.98,624.22,575.78,2.5,41.5,-1.63784,176.437,-1.52089,626.647,92.214,1107.79,620.866,579.134,2.5,41.5,-1.52089
-1.63784,300.0,-1.82749,695.979,84.233,1115.77,642.79,557.21,2.5,41.5,-1.63784,300.0,-1.81397,692.019,85.7477,1114.25,632.714,567.286,2.5,41.5,-1.63784,267.928,-1.80244,688.785,87.0196,1112.98,624.22,575.78,2.5,41.5,-1.63784,176.437,-1.79941,682.962,92.214,1107.79,620.866,579.134,2.5,41.5,-1.63784,204.41,-1.79309,678.073,96.0194,1103.98,615.585,584.415,2.5,41.5,-1.63784,259.016,-1.78105,672.103,100.105,1099.9,606.361,593.639,2.5,41.5,-1.63784,300.0,-1.76757,668.07,102.229,1097.77,596.698,603.302,2.5,41.5,-1.63784,300.0,-1.74943,664.757,103.228,1096.77,584.206,615.794,2.5,41.5,-1.63784,300.0,-1.73576,662.954,103.454,1096.55,574.96,625.04,2.5,41.5,3.07454,102.163,-1.73067,662.316,103.537,1096.46,571.527,628.473,2.5,34.5,-1.73067
-0.968947,400.0,-1.02037,532.983,303.144,896.856,187.314,1012.69,2.5,34.5,-0.968947,400.0,-1.00312,523.056,316.392,883.608,184.854,1015.15,2.5,34.5,-0.968947,400.0,-0.985227,513.305,329.62,870.38,182.399,1017.6,2.5,34.5,-0.968947,400.0,-0.964791,502.796,344.144,855.856,179.703,1020.3,2.5,34.5,-0.965892,400.0,-0.943864,492.655,358.44,841.56,177.067,1022.93,2.5,34.5,-0.892588,400.0,-0.923317,482.727,372.38,827.62,174.919,1025.08,2.5,34.5,-0.791796,400.0,-0.900179,470.823,388.546,811.454,173.487,1026.51,2.5,34.5,-0.706275,400.0,-0.879533,459.435,403.439,796.561,173.194,1026.81,2.5,34.5,-0.672677,400.0,-0.860837,448.714,417.108,782.892,173.616,1026.38,2.5,34.5,-0.645188,400.0,-0.839028,435.816,433.162,766.838,174.883,1025.12,2.5,34.5,-0.839028
0.31387,346.429,0.215454,479.499,820.593,379.407,183.715,1016.29,2.5,54.5,0.353577,400.0,0.249613,468.053,833.703,366.297,198.58,1001.42,2.5,54.5,0.423826,400.0,0.267681,460.397,839.854,360.146,208.126,991.874,2.5,54.5,0.423826,400.0,0.28463,452.608,845.174,354.826,217.729,982.271,2.5,54.5,0.423826,400.0,0.302015,444.275,850.228,349.772,227.96,972.04,2.5,54.5,0.423826,400.0,0.32355,433.783,855.995,344.005,240.852,959.148,2.5,54.5,0.423826,400.0,0.345486,423.322,861.44,338.56,253.818,946.182,2.5,54.5,0.423826,400.0,0.367759,413.127,866.61,333.39,266.624,933.376,2.5,54.5,0.423826,400.0,0.392954,402.209,872.094,327.906,280.573,919.427,2.5,54.5,0.423826,400.0,0.416753,392.544,876.98,323.02,293.181,906.819,2.5,54.5,0.416753
2.96678,150.0,2.99177,198.382,551.641,648.359,826.49,373.51,2.5,84.5,2.99177,150.0,3.01756,198.566,546.595,653.405,827.371,372.629,2.5,84.5,3.01756,150.0,3.04391,198.76,541.414,658.586,828.142,371.858,2.5,84.5,3.04391,150.0,3.06907,198.949,536.446,663.554,828.756,371.244,2.5,84.5,3.06907,20.0417,3.07251,198.985,535.765,664.235,828.84,371.16,2.5,81.0,3.07251,0.0,3.07251,198.985,535.765,664.235,828.84,371.16,2.5,81.0,3.07251,700.695,-3.0992,200.305,513.54,686.46,830.455,369.545,2.5,81.0,-3.0992,603.427,-3.0004,203.616,493.377,706.623,831.92,368.08,2.5,81.0,-3.0004,235.583,-2.9502,206.121,482.82,717.18,832.687,367.313,2.5,81.0,-2.9502,302.098,-2.89998,209.223,471.969,728.031,833.475,366.525,2.5,81.0,-2.89998
-2.86832,173.691,-2.88185,252.646,457.143,742.857,874.501,325.499,0.0,81.0,-2.86832,208.903,-2.88185,252.646,457.143,742.857,874.501,325.499,0.0,81.0,-2.86832,241.546,-2.88185,252.646,457.143,742.857,874.501,325.499,0.0,81.0,-2.86832,277.508,-2.88185,252.646,457.143,742.857,874.501,325.499,0.0,81.0,-2.86832,0.0,-2.88185,252.646,457.143,742.857,874.501,325.499,0.0,81.0,-2.86832,0.0,-2.88185,252.646,457.143,742.857,874.501,325.499,0.0,81.0,-2.86832,0.0,-2.88185,252.646,457.143,742.857,874.501,325.499,0.0,81.0,-2.86832,0.0,-2.88185,252.646,457.143,742.857,874.501,325.499,0.0,81.0,-2.86832,0.0,-2.88185,252.646,457.143,742.857,874.501,325.499,0.0,81.0,-2.86832,0.0,-2.88185,252.646,457.143,742.857,874.501,325.499,0.0,81.0,-2.88185
-2.86832,0.0,-2.88185,252.646,457.143,742.857,874.501,325.499,0.0,81.0,-2.86832,0.0,-2.88185,252.646,457.143,742.857,874.501,325.499,0.0,81.0,-2.86832,0.0,-2.88185,252.646,457.143,742.857,874.501,325.499,0.0,81.0,-2.86832,0.0,-2.88185,252.646,457.143,742.857,874.501,325.499,0.0,81.0,-2.86832,0.0,-2.88185,252.646,457.143,742.857,874.501,325.499,0.0,81.0,-2.86832,0.0,-2.88185,252.646,457.143,742.857,874.501,325.499,0.0,91.0,-2.86832,0.0,-2.88185,252.646,457.143,742.857,874.501,325.499,0.0,91.0,-2.86832,0.0,-2.88185,252.646,457.143,742.857,874.501,325.499,0.0,91.0,-2.86832,0.0,-2.88185,252.646,457.143,742.857,874.501,325.499,0.0,91.0,-2.86832,0.0,-2.88185,252.646,457.143,742.857,874.501,325.499,0.0,91.0,-2.88185
-2.88185,0.0,-2.88185,252.646,457.143,742.857,874.501,325.499,0.0,91.0,-2.88185,0.0,-2.88185,252.646,457.143,742.857,874.501,325.499,0.0,91.0,-2.88185,0.0,-2.88185,252.646,457.143,742.857,874.501,325.499,0.0,91.0,-2.88185,0.0,-2.88185,252.646,457.143,742.857,874.501,325.499,0.0,91.0,-2.88185,0.0,-2.88185,252.646,457.143,742.857,874.501,325.499,0.0,91.0,-2.88185,0.0,-2.88185,252.646,457.143,742.857,874.501,325.499,0.0,91.0,-2.88185,0.0,-2.88185,252.646,457.143,742.857,874.501,325.499,0.0,100.0,-2.88185,0.0,-2.88185,252.646,457.143,742.857,874.501,325.499,0.0,100.0,-2.88185,0.0,-2.88185,252.646,457.143,742.857,874.501,325.499,0.0,100.0,-2.88185,0.0,-2.88185,252.646,457.143,742.857,874.501,325.499,0.0,100.0,-2.88185
-2.88185,0.0,-2.88185,252.646,457.143,742.857,874.501,325.499,0.0,100.0,-2.88185,0.0,-2.88185,252.646,457.143,742.857,874.501,325.499,0.0,100.0,-2.88185,0.0,-2.88185,252.646,457.143,742.857,874.501,325.499,0.0,100.0,-2.88185,0.0,-2.88185,252.646,457.143,742.857,874.501,325.499,0.0,100.0,-2.88185,0.0,-2.88185,252.646,457.143,742.857,874.501,325.499,0.0,100.0,-2.88185,0.0,-2.88185,252.646,457.143,742.857,874.501,325.499,0.0,100.0,-2.88185,0.0,-2.88185,252.646,457.143,742.857,874.501,325.499,0.0,100.0,-2.88185,0.0,-2.88185,252.646,457.143,742.857,874.501,325.499,0.0,100.0,-2.88185,0.0,-2.88185,252.646,457.143,742.857,874.501,325.499,0.0,100.0,-2.88185,0.0,-2.88185,252.646,457.143,742.857,874.501,325.499,0.0,100.0,-2.88185
-2.88185,0.0,-2.88185,252.646,457.143,742.857,874.501,325.499,0.0,100.0,-2.88185,0.0,-2.88185,252.646,457.143,742.857,874.501,325.499,0.0,100.0,-2.88185,0.0,-2.88185,252.646,457.143,742.857,874.501,325.499,0.0,100.0,-2.88185,0.0,-2.88185,252.646,457.143,742.857,874.501,325.499,0.0,100.0,-2.88185,0.0,-2.88185,252.646,457.143,742.857,874.501,325.499,0.0,100.0,-2.88185,0.0,-2.88185,252.646,457.143,742.857,874.501,325.499,0.0,100.0,-2.88185,0.0,-2.88185,252.646,457.143,742.857,874.501,325.499,0.0,100.0,-2.88185,0.0,-2.88185,252.646,457.143,742.857,874.501,325.499,0.0,100.0,-2.88185,0.0,-2.88185,252.646,457.143,742.857,874.501,325.499,0.0,100.0,-2.88185,0.0,-2.88185,252.646,457.143,742.857,874.501,325.499,0.0,100.0,-2.88185
-2.88185,0.0,-2.88185,252.646,457.143,742.857,874.501,325.499,0.0,100.0,-2.88185,0.0,-2.88185,252.646,457.143,742.857,874.501,325.499,0.0,100.0,-2.88185,0.0,-2.88185,252.646,457.143,742.857,874.501,325.499,0.0,100.0,-2.88185,0.0,-2.88185,252.646,457.143,742.857,874.501,325.499,0.0,100.0,-2.88185,0.0,-2.88185,252.646,457.143,742.857,874.501,325.499,0.0,100.0,-2.88185,0.0,-2.88185,252.646,457.143,742.857,874.501,325.499,0.0,100.0,-2.88185,0.0,-2.88185,252.646,457.143,742.857,874.501,325.499,0.0,100.0,-2.88185,0.0,-2.88185,252.646,457.143,742.857,874.501,325.499,0.0,100.0,-2.88185,0.0,-2.88185,252.646,457.143,742.857,874.501,325.499,0.0,100.0,-2.88185,0.0,-2.88185,252.646,457.143,742.857,874.501,325.499,0.0,100.0,-2.88185
-2.88185,0.0,-2.88185,252.646,457.143,742.857,874.501,325.499,0.0,100.0,-2.88185,0.0,-2.88185,252.646,457.143,742.857,874.501,325.499,0.0,100.0,-2.88185,0.0,-2.88185,252.646,457.143,742.857,874.501,325.499,0.0,100.0,-2.88185,0.0,-2.88185,252.646,457.143,742.857,874.501,325.499,0.0,100.0,-2.88185,0.0,-2.88185,252.646,457.143,742.857,874.501,325.499,0.0,100.0,-2.88185,0.0,-2.88185,252.646,457.143,742.857,874.501,325.499,0.0,100.0,-2.88185,0.0,-2.88185,252.646,457.143,742.857,874.501,325.499,0.0,100.0,-2.88185,0.0,-2.88185,252.646,457.143,742.857,874.501,325.499,0.0,100.0,-2.88185,0.0,-2.88185,252.646,457.143,742.857,874.501,325.499,0.0,100.0,-2.88185,0.0,-2.88185,252.646,457.143,742.857,874.501,325.499,0.0,100.0,-2.88185
1.60539,600.0,2.10779,197.136,926.797,273.203,566.935,633.065,100.0,100.0,1.60539,600.0,2.1958,170.325,895.534,304.466,565.746,634.254,100.0,100.0,1.62372,600.0,2.30794,146.261,865.697,334.303,564.403,635.597,100.0,100.0,1.62066,600.0,2.48168,122.468,832.486,367.514,562.845,637.155,100.0,100.0,1.62066,600.0,2.69542,105.666,803.004,396.996,561.411,638.589,100.0,100.0,1.62066,600.0,2.9747,95.1776,773.218,426.782,559.944,640.056,100.0,100.0,1.62372,600.0,-2.98867,93.4257,743.176,456.824,558.425,641.575,100.0,100.0,1.62372,600.0,-2.66851,101.858,710.997,489.003,556.76,643.24,100.0,100.0,1.62372,81.6613,-2.58248,106.346,700.997,499.003,556.241,643.759,100.0,100.0,1.49849,222.192,-2.63419,121.641,698.301,501.699,572.405,627.595,100.0,100.0,-2.63419
1.49849,0.0,1.97451,59.5014,812.125,387.875,489.464,710.536,95.0,100.0,1.49849,0.0,1.97451,59.5014,812.125,387.875,489.464,710.536,95.0,100.0,1.49849,0.0,1.97451,59.5014,812.125,387.875,489.464,710.536,95.0,100.0,1.49849,0.0,1.97451,59.5014,812.125,387.875,489.464,710.536,95.0,100.0,1.49849,0.0,1.97451,59.5014,812.125,387.875,489.464,710.536,95.0,100.0,1.25414,134.459,2.08589,59.4395,809.134,390.866,495.37,704.63,95.0,100.0,1.28469,236.635,2.29187,55.1641,798.84,401.16,502.508,697.492,95.0,100.0,1.31828,356.666,2.65547,49.5424,780.553,419.447,509.892,690.108,95.0,100.0,1.31828,19.6977,2.746,49.1617,776.352,423.648,511.454,688.546,95.0,93.0,1.31828,0.0,2.746,49.1617,776.352,423.648,511.454,688.546,95.0,93.0,2.746
2.4819,0.0,0.948324,249.203,663.096,536.904,562.908,637.092,95.0,93.0,2.44873,480.424,0.941025,276.364,683.981,516.019,545.437,654.563,95.0,93.0,2.10806,161.155,0.900455,287.284,685.752,514.248,529.728,670.272,95.0,93.0,2.10806,0.0,0.89798,288.121,685.964,514.036,528.65,671.35,95.0,93.0,2.10806,0.0,0.89798,288.121,685.964,514.036,528.65,671.35,95.0,93.0,2.10806,0.0,0.89798,288.121,685.964,514.036,528.65,671.35,95.0,93.0,2.10806,0.0,0.89798,288.121,685.964,514.036,528.65,671.35,95.0,93.0,2.37031,27.3329,0.900139,287.141,685.584,514.416,529.746,670.254,95.0,93.0,2.37642,0.0,0.900139,287.141,685.584,514.416,529.746,670.254,95.0,88.0,2.37642,0.0,0.900139,287.141,685.584,514.416,529.746,670.254,95.0,88.0,0.900139
2.23592,101.411,0.854668,303.387,689.494,510.506,509.041,690.959,95.0,88.0,2.01296,62.5376,0.859831,301.431,689.038,510.962,511.501,688.499,95.0,88.0,1.7625,55.3283,0.861605,300.872,688.962,511.038,512.271,687.729,95.0,83.0,1.56092,0.0,0.861605,300.872,688.962,511.038,512.271,687.729,95.0,83.0,1.67894,0.0,0.861605,300.872,688.962,511.038,512.271,687.729,95.0,83.0,1.67894,0.0,0.864015,300.102,688.848,511.152,513.321,686.679,95.0,83.0,1.69285,85.123,0.872009,297.517,688.419,511.581,516.815,683.185,95.0,83.0,1.73912,0.0,0.872762,297.253,688.361,511.639,517.156,682.844,95.0,83.0,1.74366,0.0,0.873716,296.917,688.286,511.714,517.589,682.411,92.5,83.0,1.74944,1250.59,0.852861,371.899,740.735,459.265,463.558,736.442,92.5,83.0,0.852861
1.25816,0.0,0.849979,370.98,739.338,460.662,463.358,736.642,90.0,83.0,1.25816,1248.69,0.842573,437.33,787.038,412.962,417.142,782.858,90.0,83.0,1.10667,47.4531,0.842573,437.33,787.038,412.962,417.142,782.858,90.0,83.0,1.10667,0.0,0.842573,437.33,787.038,412.962,417.142,782.858,90.0,83.0,1.10667,0.0,0.842573,437.33,787.038,412.962,417.142,782.858,90.0,83.0,1.10667,0.0,0.842573,437.33,787.038,412.962,417.142,782.858,90.0,83.0,1.10667,0.0,0.842573,437.33,787.038,412.962,417.142,782.858,87.5,83.0,1.10667,215.852,0.785148,466.279,790.26,409.74,378.413,821.587,87.5,83.0,0.953085,0.0,0.782201,467.911,790.437,409.563,376.286,823.714,87.5,83.0,0.94561,0.0,0.782201,467.911,790.437,409.563,376.286,823.714,87.5,83.0,0.782201
0.907686,0.0,0.563605,174.068,850.401,349.6,318.944,881.056,85.0,83.0,0.907686,0.0,0.563605,174.068,850.401,349.6,318.944,881.056,85.0,83.0,0.907686,0.0,0.563605,174.068,850.401,349.6,318.944,881.056,85.0,83.0,0.907686,0.0,0.563605,174.068,850.401,349.6,318.944,881.056,82.5,93.0,0.907686,1248.21,0.629237,268.436,915.389,284.611,249.065,950.935,82.5,93.0,0.869562,87.4844,0.629237,268.436,915.389,284.611,249.065,950.935,82.5,93.0,0.869562,0.0,0.629237,268.436,915.389,284.611,249.065,950.935,82.5,93.0,0.869562,0.0,0.629237,268.436,915.389,284.611,249.065,950.935,82.5,93.0,0.869562,0.0,0.629237,268.436,915.389,284.611,249.065,950.935,82.5,93.0,0.869562,0.0,0.629237,268.436,915.389,284.611,249.065,950.935,82.5,93.0,0.629237
0.849347,297.304,0.653992,425.125,1016.04,183.964,128.684,1071.32,75.0,93.0,0.820416,0.0,0.652132,428.52,1017.47,182.532,125.505,1074.49,72.5,100.0,0.817981,1251.22,0.667671,504.281,1069.64,130.363,70.0947,1129.91,72.5,100.0,0.810406,0.0,0.667671,504.281,1069.64,130.363,70.0947,1129.91,72.5,100.0,0.810406,0.0,0.667671,504.281,1069.64,130.363,70.0947,1129.91,72.5,100.0,0.810406,0.0,0.667671,504.281,1069.64,130.363,70.0947,1129.91,72.5,100.0,0.810406,0.0,0.667671,504.281,1069.64,130.363,70.0947,1129.91,72.5,100.0,0.810406,0.0,0.667671,504.281,1069.64,130.363,70.0947,1129.91,72.5,100.0,0.810406,0.0,0.667671,504.281,1069.64,130.363,70.0947,1129.91,72.5,100.0,0.810406,0.0,0.667671,504.281,1069.64,130.363,70.0947,1129.91,70.0,100.0,0.667671
0.875159,0.0,0.757779,539.137,1127.96,72.0384,74.4792,1125.52,70.0,100.0,0.875159,0.0,0.757779,539.137,1127.96,72.0384,74.4792,1125.52,67.5,100.0,0.875159,6.32199,0.758443,539.359,1128.37,71.626,74.5642,1125.44,65.0,100.0,0.875651,205.616,0.731387,534.67,1114.51,85.4856,68.1619,1131.84,62.5,100.0,0.854881,374.076,0.778261,532.118,1130.98,69.0237,87.1489,1112.85,62.5,100.0,0.892701,0.0,0.778261,532.118,1130.98,69.0237,87.1489,1112.85,62.5,100.0,0.892701,0.0,0.778261,532.118,1130.98,69.0237,87.1489,1112.85,62.5,100.0,0.892701,0.0,0.778261,532.118,1130.98,69.0237,87.1489,1112.85,62.5,100.0,0.892701,0.0,0.778261,532.118,1130.98,69.0237,87.1489,1112.85,62.5,100.0,0.892701,0.0,0.778261,532.118,1130.98,69.0237,87.1489,1112.85,62.5,100.0,0.778261
0.892701,550.811,0.737809,712.456,1114.58,85.42,109.015,1090.98,62.5,93.0,0.892701,815.719,0.73361,655.076,1073.94,126.057,149.628,1050.37,62.5,93.0,0.892701,1761.33,0.726091,566.38,1011.38,188.618,212.668,987.332,62.5,93.0,0.892701,885.265,0.718331,508.923,970.27,229.73,253.023,946.977,62.5,93.0,0.892701,1846.66,0.679293,437.962,910.48,289.52,295.452,904.548,62.5,93.0,0.892701,920.467,0.619305,390.685,862.114,337.886,318.065,881.935,62.5,93.0,0.892701,1053.1,0.543927,346.867,814.837,385.163,339.386,860.614,62.5,93.0,0.892701,392.704,0.508263,327.577,794.752,405.248,350.025,849.975,62.5,93.0,0.892701,214.949,0.47946,320.969,783.396,416.604,351.416,848.584,62.5,93.0,0.892701,0.0,0.476686,320.361,782.327,417.673,351.547,848.453,62.5,93.0,0.476686
0.836401,0.0,0.45946,306.373,771.199,428.801,361.594,838.406,62.5,86.0,0.836401,0.0,0.45946,306.373,771.199,428.801,361.594,838.406,62.5,86.0,0.836401,0.0,0.45946,306.373,771.199,428.801,361.594,838.406,62.5,86.0,0.836401,574.353,0.4481,284.214,758.47,441.53,380.039,819.961,62.5,86.0,0.836401,770.109,0.391562,237.94,726.139,473.861,416.262,783.738,62.5,86.0,0.836401,388.642,0.313839,166.494,686.732,513.268,477.832,722.168,62.5,86.0,0.836401,773.578,0.536942,129.832,701.744,498.256,524.632,675.368,62.5,86.0,0.836401,46.7932,0.377665,77.0575,663.748,536.252,564.566,635.434,62.5,86.0,0.836401,32.2917,0.347458,76.7035,661.452,538.548,564.074,635.926,62.5,86.0,0.836401,0.0,0.347325,76.7035,661.442,538.558,564.07,635.93,62.5,86.0,0.347325
0.836401,0.0,0.992604,79.011,701.501,498.499,593.013,606.987,62.5,82.5,2.36095,0.0,0.992604,79.011,701.501,498.499,593.013,606.987,60.0,82.5,2.36095,257.591,1.15842,77.4029,706.248,493.752,605.171,594.829,60.0,82.5,2.39873,37.4198,1.17922,77.6366,707.094,492.906,606.564,593.436,57.5,82.5,2.40102,1247.21,1.12457,134.376,756.552,443.448,578.202,621.798,57.5,79.5,2.04863,13.1608,1.12457,134.376,756.552,443.448,578.202,621.798,57.5,79.5,2.04863,489.373,0.987676,123.626,738.53,461.47,568.121,631.879,57.5,79.5,2.04391,774.876,0.708651,112.005,708.227,491.773,551.155,648.845,57.5,79.5,2.03168,22.9072,0.448058,110.494,683.201,516.799,536.606,663.394,57.5,76.5,2.00701,62.4791,0.447899,111.947,683.815,516.185,535.289,664.711,57.5,76.5,0.447899
1.98814,0.0,0.447005,114.547,684.848,515.152,532.901,667.099,57.5,76.5,1.8876,0.0,0.43149,116.412,685.604,514.396,530.971,669.029,57.5,76.5,1.8876,0.0,0.43149,116.412,684.02,515.98,530.451,669.549,57.5,76.5,1.8876,0.0,0.43149,116.412,684.02,515.98,530.451,669.549,57.5,76.5,1.8876,0.0,0.43149,116.412,684.02,515.98,530.451,669.549,57.5,76.5,1.8876,0.0,0.43149,116.412,684.02,515.98,530.451,669.549,55.0,76.5,1.8876,1242.71,0.589932,186.064,738.842,461.158,481.578,718.422,55.0,76.5,1.37899,1237.63,0.669277,269.662,802.637,397.363,424.705,775.295,55.0,76.5,1.16802,23.9134,0.667632,268.713,801.701,398.299,425.176,774.824,55.0,76.5,1.16834,105.219,0.658112,266.11,798.092,401.908,425.661,774.339,55.0,76.5,0.658112
0.992474,0.0,0.608288,325.674,821.444,378.556,368.936,831.064,52.5,76.5,0.992474,0.0,0.608288,325.674,821.444,378.556,368.936,831.064,52.5,76.5,0.992474,0.0,0.608288,325.674,821.444,378.556,368.936,831.064,52.5,76.5,0.992474,0.0,0.608288,325.674,821.444,378.556,368.936,831.064,52.5,76.5,0.992474,0.0,0.608288,325.674,821.444,378.556,368.936,831.064,50.0,76.5,0.992474,1250.67,0.636049,386.166,864.724,335.275,325.542,874.458,50.0,76.5,0.951795,0.0,0.636049,386.166,864.724,335.275,325.542,874.458,50.0,76.5,0.951795,0.0,0.636049,386.166,864.724,335.275,325.542,874.458,50.0,86.5,0.951795,0.0,0.636049,386.166,864.724,335.275,325.542,874.458,50.0,86.5,0.951795,0.0,0.636049,386.166,864.724,335.275,325.542,874.458,50.0,86.5,0.636049
0.872059,15.167,0.648008,518.176,948.104,251.896,223.058,976.942,45.0,86.5,0.872059,61.017,0.648008,518.176,948.104,251.896,223.058,976.942,45.0,86.5,0.872059,105.663,0.648008,518.176,948.104,251.896,223.058,976.942,42.5,86.5,0.872059,823.173,0.690281,564.651,994.877,205.123,200.81,999.19,42.5,86.5,0.898654,304.946,0.699421,575.958,1006.12,193.88,195.462,1004.54,42.5,86.5,0.904252,78.3946,0.701612,578.743,1008.88,191.117,194.148,1005.85,42.5,86.5,0.905587,0.0,0.701612,578.743,1008.88,191.117,194.148,1005.85,42.5,96.5,0.905587,0.0,0.701612,578.743,1008.88,191.117,194.148,1005.85,42.5,96.5,0.905587,0.0,0.701612,578.743,1008.88,191.117,194.148,1005.85,42.5,96.5,0.905587,0.0,0.701612,578.743,1008.88,191.117,194.148,1005.85,42.5,96.5,0.701612
0.872747,69.6253,0.714285,729.87,1113.45,86.5454,84.7312,1115.27,37.5,96.5,0.872747,0.0,0.714285,729.87,1113.45,86.5454,84.7312,1115.27,37.5,96.5,0.872747,0.0,0.714285,729.87,1113.45,86.5454,84.7312,1115.27,37.5,96.5,0.872747,0.0,0.714285,729.87,1113.45,86.5454,84.7312,1115.27,37.5,96.5,0.872747,0.0,0.714285,729.87,1113.45,86.5454,84.7312,1115.27,37.5,96.5,0.872747,0.0,0.714285,729.87,1113.45,86.5454,84.7312,1115.27,35.0,96.5,0.872747,220.119,0.705161,745.874,1118.78,81.2233,68.2051,1131.79,35.0,100.0,0.872747,15.3868,0.705161,745.874,1118.78,81.2233,68.2051,1131.79,35.0,100.0,0.872747,57.9693,0.705161,745.874,1118.78,81.2233,68.2051,1131.79,35.0,100.0,0.872747,0.0,0.705161,745.874,1118.78,81.2233,68.2051,1131.79,35.0,100.0,0.705161
0.872747,0.0,0.60859,691.562,1113.45,86.5454,84.7312,1115.27,35.0,96.5,0.872747,220.119,0.601414,708.182,1118.78,81.2233,68.2051,1131.79,35.0,100.0,0.872747,15.3868,0.601414,708.182,1118.78,81.2233,68.2051,1131.79,35.0,100.0,0.872747,57.9693,0.601414,708.182,1118.78,81.2233,68.2051,1131.79,35.0,100.0,0.872747,0.0,0.601414,708.182,1118.78,81.2233,68.2051,1131.79,35.0,100.0,0.872747,0.0,0.601414,708.182,1118.78,81.2233,68.2051,1131.79,32.5,100.0,0.872747,326.32,0.625301,705.239,1130.89,69.1137,80.3278,1119.67,30.0,100.0,0.872747,300.507,0.599366,707.291,1117.08,82.923,68.1213,1131.88,30.0,100.0,0.872747,0.0,0.599366,707.291,1117.08,82.923,68.1213,1131.88,30.0,100.0,0.872747,0.0,0.599366,707.291,1117.08,82.923,68.1213,1131.88,30.0,100.0,0.599366
0.872747,0.0,0.869108,674.199,1125.71,74.2857,71.2429,1128.76,20.0,100.0,0.872747,0.0,0.869108,674.199,1125.71,74.2857,71.2429,1128.76,20.0,100.0,0.872747,0.0,0.869108,674.199,1125.71,74.2857,71.2429,1128.76,20.0,100.0,0.872747,0.0,0.869108,674.199,1125.71,74.2857,71.2429,1128.76,20.0,100.0,0.872747,0.0,0.869108,674.199,1125.71,74.2857,71.2429,1128.76,20.0,100.0,1.44391,0.0,0.869108,674.199,1125.71,74.2857,71.2429,1128.76,20.0,93.0,1.44391,0.0,0.869108,674.199,1125.71,74.2857,71.2429,1128.76,20.0,93.0,1.44391,0.0,0.869108,674.199,1125.71,74.2857,71.2429,1128.76,20.0,93.0,1.44391,0.0,0.869108,674.199,1125.71,74.2857,71.2429,1128.76,20.0,93.0,1.44391,0.0,0.869108,674.199,1125.71,74.2857,71.2429,1128.76,20.0,93.0,0.869108
1.44391,0.0,0.750637,539.957,1125.71,74.2857,71.2429,1128.76,20.0,93.0,1.44391,0.0,0.750637,539.957,1125.71,74.2857,71.2429,1128.76,20.0,93.0,1.44391,0.0,0.750637,539.957,1125.71,74.2857,71.2429,1128.76,20.0,93.0,1.44391,0.0,0.750637,539.957,1125.71,74.2857,71.2429,1128.76,20.0,93.0,1.44391,0.0,0.750637,539.957,1125.71,74.2857,71.2429,1128.76,20.0,93.0,1.44391,212.557,0.730181,517.2,1102.38,97.6184,80.7476,1119.25,20.0,93.0,1.44391,1535.31,0.652288,466.06,1040.31,159.692,95.7129,1104.29,20.0,86.0,1.44391,1557.33,0.474193,387.676,934.428,265.572,121.189,1078.81,20.0,86.0,1.44391,1069.62,0.368788,363.813,888.556,311.444,126.738,1073.26,20.0,86.0,1.44391,242.957,0.332697,364.801,876.548,323.452,121.292,1078.71,20.0,86.0,0.332697
-1.45208,29.7737,-2.27765,295.368,386.192,813.808,698.268,501.732,20.0,59.0,-1.44625,0.0,-2.27625,294.915,386.268,813.732,697.66,502.34,20.0,59.0,-1.43818,42.7377,-2.27423,294.256,386.385,813.615,696.78,503.22,20.0,59.0,-1.42652,0.0,-2.27316,293.899,386.454,813.546,696.309,503.691,20.0,59.0,-1.42025,42.6638,-2.27119,293.24,386.585,813.415,695.443,504.557,20.0,59.0,-1.40874,0.0,-2.27108,293.202,386.593,813.407,695.394,504.606,20.0,59.0,-1.40809,25.3746,-2.27068,293.065,386.623,813.378,695.216,504.784,20.0,59.0,-1.40572,0.0,-2.27034,292.948,386.648,813.352,695.065,504.935,20.0,59.0,-1.40371,35.6606,-2.27008,292.858,386.668,813.332,694.948,505.052,20.0,59.0,-1.40214,84.443,-2.27588,294.88,386.224,813.776,697.555,502.445,20.0,59.0,-2.27588
-1.89051,0.0,-2.70615,304.04,361.817,838.183,740.347,459.653,17.5,54.0,-1.89051,0.0,-2.70615,304.04,361.817,838.183,740.347,459.653,17.5,54.0,-1.89051,69.4528,-2.71143,305.759,362.557,837.443,742.583,457.417,17.5,54.0,-1.91261,0.0,-2.60664,342.516,315.45,884.55,759.343,440.657,17.5,54.0,-1.91261,0.0,-2.60664,342.516,315.45,884.55,759.343,440.657,17.5,54.0,-1.91261,43.7609,-2.60771,341.674,316.193,883.807,758.805,441.195,17.5,54.0,-1.91261,89.9089,-2.61389,337.878,319.928,880.072,756.595,443.405,17.5,54.0,-1.91261,277.019,-2.63026,329.171,328.988,871.012,751.747,448.253,17.5,54.0,-1.91261,291.45,-2.65278,319.049,340.246,859.754,746.364,453.636,17.5,54.0,-1.91261,546.672,-2.6913,305.525,357.093,842.907,739.751,460.249,17.5,54.0,-2.6913
-1.91261,0.0,-2.81214,293.363,395.154,804.846,742.265,457.735,17.5,54.0,-1.91261,36.9904,-2.80634,291.759,394.075,805.925,740.196,459.804,17.5,54.0,-1.91261,108.388,-2.79554,288.647,392.16,807.84,736.215,463.785,17.5,54.0,-1.91261,0.0,-2.79554,288.647,392.16,807.84,736.215,463.785,17.5,54.0,-1.91261,50.4104,-2.7958,287.926,392.474,807.526,735.562,464.438,17.5,54.0,-1.91261,0.0,-2.79583,287.935,392.479,807.521,735.574,464.426,17.5,54.0,-1.91261,56.6703,-2.79799,288.568,392.851,807.149,736.379,463.621,17.5,54.0,-1.91261,0.0,-2.79799,288.568,392.851,807.149,736.379,463.621,17.5,54.0,-1.91261,47.6906,-2.79984,289.151,393.159,806.841,737.109,462.891,17.5,64.0,-1.91261,0.0,-2.79984,289.151,393.159,806.841,737.109,462.891,17.5,60.5,-2.79984
-2.73099,32.4872,-2.91641,389.612,403.073,796.927,844.456,355.544,12.5,60.5,-2.73099,1244.9,-2.80943,452.702,342.442,857.558,892.636,307.364,12.5,60.5,-2.56606,155.732,-2.80943,452.702,342.442,857.558,892.636,307.364,12.5,60.5,-2.56606,65.1451,-2.80943,452.702,342.442,857.558,892.636,307.364,12.5,60.5,-2.56606,18.0849,-2.80943,452.702,342.442,857.558,892.636,307.364,12.5,60.5,-2.56606,29.8654,-2.80943,452.702,342.442,857.558,892.636,307.364,12.5,60.5,-2.56606,76.3722,-2.80943,452.702,342.442,857.558,892.636,307.364,12.5,60.5,-2.56606,119.729,-2.80943,452.702,342.442,857.558,892.636,307.364,12.5,60.5,-2.56606,162.963,-2.80943,452.702,342.442,857.558,892.636,307.364,12.5,60.5,-2.56606,208.161,-2.80943,452.702,342.442,857.558,892.636,307.364,10.0,60.5,-2.80943
-2.55322,1249.83,-2.7608,606.994,264.474,935.526,1028.2,171.804,5.0,60.5,-2.58824,53.3116,-2.7608,606.994,264.474,935.526,1028.2,171.804,5.0,60.5,-2.58824,16.1627,-2.7608,606.994,264.474,935.526,1028.2,171.804,5.0,60.5,-2.58824,20.2454,-2.7608,606.994,264.474,935.526,1028.2,171.804,5.0,60.5,-2.58824,54.0998,-2.7608,606.994,264.474,935.526,1028.2,171.804,5.0,60.5,-2.58824,88.5142,-2.7608,606.994,264.474,935.526,1028.2,171.804,2.5,60.5,-2.58824,1245.09,-2.73343,647.176,233.188,966.812,1058.69,141.309,2.5,60.5,-2.56303,45.801,-2.73343,647.176,233.188,966.812,1058.69,141.309,2.5,60.5,-2.56303,77.2593,-2.73343,647.176,233.188,966.812,1058.69,141.309,2.5,60.5,-2.56303,117.581,-2.73343,647.176,233.188,966.812,1058.69,141.309,2.5,70.5,-2.73343
-2.56303,0.0,-2.70614,712.355,189.58,1010.42,1110.56,89.4426,0.0,70.5,-2.56303,0.0,-2.70614,712.355,189.58,1010.42,1110.56,89.4426,0.0,70.5,-2.56303,0.0,-2.70614,712.355,189.58,1010.42,1110.56,89.4426,0.0,70.5,-2.56303,0.0,-2.70614,712.355,189.58,1010.42,1110.56,89.4426,0.0,70.5,-2.56303,0.0,-2.70614,712.355,189.58,1010.42,1110.56,89.4426,0.0,70.5,-2.56303,0.0,-2.70614,712.355,189.58,1010.42,1110.56,89.4426,0.0,70.5,-2.56303,0.0,-2.70614,712.355,189.58,1010.42,1110.56,89.4426,0.0,70.5,-2.56303,0.0,-2.70614,712.355,189.58,1010.42,1110.56,89.4426,0.0,70.5,-2.56303,0.0,-2.70614,712.355,189.58,1010.42,1110.56,89.4426,0.0,70.5,-2.56303,0.0,-2.70614,712.355,189.58,1010.42,1110.56,89.4426,0.0,80.5,-2.70614
-2.56303,0.0,-2.70614,712.355,189.58,1010.42,1110.56,89.4426,0.0,80.5,-2.56303,0.0,-2.70614,712.355,189.58,1010.42,1110.56,89.4426,0.0,80.5,-2.56303,0.0,-2.70614,712.355,189.58,1010.42,1110.56,89.4426,0.0,80.5,-2.56303,0.0,-2.70614,712.355,189.58,1010.42,1110.56,89.4426,0.0,80.5,-2.56303,0.0,-2.70614,712.355,189.58,1010.42,1110.56,89.4426,0.0,80.5,-2.56303,0.0,-2.70614,712.355,189.58,1010.42,1110.56,89.4426,0.0,80.5,-2.56303,0.0,-2.70614,712.355,189.58,1010.42,1110.56,89.4426,0.0,80.5,-2.56303,0.0,-2.70614,712.355,189.58,1010.42,1110.56,89.4426,0.0,80.5,-2.56303,0.0,-2.70614,712.355,189.58,1010.42,1110.56,89.4426,0.0,80.5,-2.56303,0.0,-2.70614,712.355,189.58,1010.42,1110.56,89.4426,0.0,80.5,-2.70614
-2.56303,0.0,-2.53607,584.073,189.58,1010.42,1110.56,89.4426,0.0,90.5,-2.56303,0.0,-2.53607,584.073,189.58,1010.42,1110.56,89.4426,0.0,90.5,-2.56303,0.0,-2.53607,584.073,189.58,1010.42,1110.56,89.4426,0.0,90.5,-2.56303,0.0,-2.53607,584.073,189.58,1010.42,1110.56,89.4426,0.0,90.5,-2.56303,0.0,-2.53607,584.073,189.58,1010.42,1110.56,89.4426,0.0,90.5,-2.56303,0.0,-2.53607,584.073,189.58,1010.42,1110.56,89.4426,0.0,90.5,-2.56303,0.0,-2.53607,584.073,189.58,1010.42,1110.56,89.4426,0.0,90.5,-2.56303,0.0,-2.53607,584.073,189.58,1010.42,1110.56,89.4426,0.0,100.0,-2.56303,0.0,-2.53607,584.073,189.58,1010.42,1110.56,89.4426,0.0,100.0,-2.56303,0.0,-2.53607,584.073,189.58,1010.42,1110.56,89.4426,0.0,100.0,-2.53607
-2.56303,0.0,-2.53607,584.073,189.58,1010.42,1110.56,89.4426,0.0,100.0,-2.56303,0.0,-2.53607,584.073,189.58,1010.42,1110.56,89.4426,0.0,100.0,-2.56303,0.0,-2.53607,584.073,189.58,1010.42,1110.56,89.4426,0.0,100.0,-2.56303,0.0,-2.53607,584.073,189.58,1010.42,1110.56,89.4426,0.0,100.0,-2.56303,0.0,-2.53607,584.073,189.58,1010.42,1110.56,89.4426,0.0,100.0,-2.56303,0.0,-2.53607,584.073,189.58,1010.42,1110.56,89.4426,0.0,100.0,-2.56303,0.0,-2.53607,584.073,189.58,1010.42,1110.56,89.4426,0.0,100.0,-2.56303,0.0,-2.53607,584.073,189.58,1010.42,1110.56,89.4426,0.0,100.0,-2.56303,0.0,-2.53607,584.073,189.58,1010.42,1110.56,89.4426,0.0,100.0,-2.56303,0.0,-2.53607,584.073,189.58,1010.42,1110.56,89.4426,0.0,100.0,-2.53607
-2.56303,0.0,-2.53607,584.073,189.58,1010.42,1110.56,89.4426,0.0,100.0,-2.56303,0.0,-2.53607,584.073,189.58,1010.42,1110.56,89.4426,0.0,100.0,-2.56303,0.0,-2.53607,584.073,189.58,1010.42,1110.56,89.4426,0.0,100.0,-2.56303,0.0,-2.53607,584.073,189.58,1010.42,1110.56,89.4426,0.0,100.0,-2.56303,0.0,-2.53607,584.073,189.58,1010.42,1110.56,89.4426,0.0,100.0,-2.56303,0.0,-2.53607,584.073,189.58,1010.42,1110.56,89.4426,0.0,100.0,-2.56303,0.0,-2.53607,584.073,189.58,1010.42,1110.56,89.4426,0.0,100.0,-2.56303,0.0,-2.53607,584.073,189.58,1010.42,1110.56,89.4426,0.0,100.0,-2.56303,0.0,-2.53607,584.073,189.58,1010.42,1110.56,89.4426,0.0,100.0,-2.56303,0.0,-2.53607,584.073,189.58,1010.42,1110.56,89.4426,0.0,100.0,-2.53607
-2.56303,0.0,-2.53607,584.073,189.58,1010.42,1110.56,89.4426,0.0,100.0,-2.56303,0.0,-2.53607,584.073,189.58,1010.42,1110.56,89.4426,0.0,100.0,-2.56303,0.0,-2.53607,584.073,189.58,1010.42,1110.56,89.4426,0.0,100.0,-2.56303,0.0,-2.53607,584.073,189.58,1010.42,1110.56,89.4426,0.0,100.0,-2.56303,0.0,-2.53607,584.073,189.58,1010.42,1110.56,89.4426,0.0,100.0,-2.56303,0.0,-2.53607,584.073,189.58,1010.42,1110.56,89.4426,0.0,100.0,-2.56303,0.0,-2.53607,584.073,189.58,1010.42,1110.56,89.4426,0.0,100.0,-2.56303,0.0,-2.53607,584.073,189.58,1010.42,1110.56,89.4426,0.0,100.0,-2.56303,0.0,-2.53607,584.073,189.58,1010.42,1110.56,89.4426,0.0,100.0,-2.56303,0.0,-2.53607,584.073,189.58,1010.42,1110.56,89.4426,0.0,100.0,-2.53607
-2.56303,0.0,-2.53607,584.073,189.58,1010.42,1110.56,89.4426,0.0,100.0,-2.56303,0.0,-2.53607,584.073,189.58,1010.42,1110.56,89.4426,0.0,100.0,-2.56303,0.0,-2.53607,584.073,189.58,1010.42,1110.56,89.4426,0.0,100.0,-2.56303,0.0,-2.53607,584.073,189.58,1010.42,1110.56,89.4426,0.0,100.0,-2.56303,0.0,-2.53607,584.073,189.58,1010.42,1110.56,89.4426,0.0,100.0,-2.56303,0.0,-2.53607,584.073,189.58,1010.42,1110.56,89.4426,0.0,100.0,-2.56303,0.0,-2.53607,584.073,189.58,1010.42,1110.56,89.4426,0.0,100.0,-2.56303,0.0,-2.53607,584.073,189.58,1010.42,1110.56,89.4426,0.0,100.0,-2.56303,0.0,-2.53607,584.073,189.58,1010.42,1110.56,89.4426,0.0,100.0,-2.56303,0.0,-2.53607,584.073,189.58,1010.42,1110.56,89.4426,0.0,100.0,-2.53607
-2.56303,0.0,-2.38728,650.935,189.58,1010.42,1110.56,89.4426,0.0,100.0,-2.56303,0.0,-2.38728,650.935,189.58,1010.42,1110.56,89.4426,0.0,100.0,-2.56303,0.0,-2.38728,650.935,189.58,1010.42,1110.56,89.4426,0.0,100.0,-2.56303,0.0,-2.38728,650.935,189.58,1010.42,1110.56,89.4426,0.0,100.0,-2.56303,0.0,-2.38728,650.935,189.58,1010.42,1110.56,89.4426,0.0,100.0,-2.56303,0.0,-2.38728,650.935,189.58,1010.42,1110.56,89.4426,0.0,100.0,-2.56303,0.0,-2.38728,650.935,189.58,1010.42,1110.56,89.4426,0.0,100.0,-2.56303,0.0,-2.38728,650.935,189.58,1010.42,1110.56,89.4426,0.0,100.0,-2.56303,0.0,-2.38728,650.935,189.58,1010.42,1110.56,89.4426,0.0,100.0,-2.56303,0.0,-2.38728,650.935,189.58,1010.42,1110.56,89.4426,0.0,100.0,-2.38728
1.71652,0.0,1.53413,622.755,1340.42,140.417,629.296,570.704,100.0,95.0,1.71652,0.0,1.53413,622.755,1340.42,140.417,629.296,570.704,100.0,95.0,1.71652,0.0,1.53413,622.755,1340.42,140.417,629.296,570.704,100.0,95.0,1.71652,0.0,1.53413,622.755,1340.42,140.417,629.296,570.704,100.0,95.0,1.71652,0.0,1.53413,622.755,1340.42,140.417,629.296,570.704,100.0,95.0,1.71652,0.0,1.53413,622.755,1340.42,140.417,629.296,570.704,100.0,95.0,1.71652,0.0,1.53413,622.755,1340.42,140.417,629.296,570.704,100.0,95.0,1.71652,0.0,1.53413,622.755,1340.42,140.417,629.296,570.704,100.0,95.0,1.71652,0.0,1.53413,622.755,1340.42,140.417,629.296,570.704,100.0,95.0,1.71652,0.0,1.53413,622.755,1340.42,140.417,629.296,570.704,100.0,95.0,1.53413
1.78371,0.0,1.70903,736.284,1340.05,140.053,607.898,592.102,97.5,100.0,1.78371,0.0,1.70903,736.284,1340.05,140.053,607.898,592.102,97.5,100.0,1.78371,0.0,1.70903,736.284,1340.05,140.053,607.898,592.102,97.5,100.0,1.78371,0.0,1.70903,736.284,1340.05,140.053,607.898,592.102,97.5,100.0,1.78371,0.0,1.70903,736.284,1340.05,140.053,607.898,592.102,97.5,100.0,1.78371,0.0,1.70903,736.284,1340.05,140.053,607.898,592.102,97.5,100.0,1.78371,0.0,1.70903,736.284,1340.05,140.053,607.898,592.102,97.5,100.0,1.78371,0.0,1.70903,736.284,1340.05,140.053,607.898,592.102,97.5,100.0,1.77149,73.6514,1.7088,733.64,1337.46,137.457,607.37,592.63,97.5,100.0,1.69208,150.331,1.70872,728.004,1331.88,131.883,606.536,593.464,97.5,100.0,1.70872
1.5302,0.0,1.28308,509.233,951.276,248.724,562.354,637.646,97.5,93.0,1.5302,0.0,1.28308,509.233,951.276,248.724,562.354,637.646,97.5,93.0,0.622631,0.0,1.28308,509.233,951.276,248.724,562.354,637.646,97.5,86.0,0.622631,0.0,1.28308,509.233,951.276,248.724,562.354,637.646,97.5,86.0,0.622631,0.0,1.28308,509.233,951.276,248.724,562.354,637.646,97.5,86.0,0.622631,0.0,1.28308,509.233,951.276,248.724,562.354,637.646,97.5,86.0,0.622631,0.0,1.28308,509.233,951.276,248.724,562.354,637.646,97.5,86.0,0.622631,0.0,1.28308,509.233,951.276,248.724,562.354,637.646,97.5,86.0,0.622631,0.0,1.28308,509.233,951.276,248.724,562.354,637.646,97.5,86.0,0.622631,0.0,1.28308,509.233,951.276,248.724,562.354,637.646,97.5,86.0,1.28308
1.69755,0.0,1.63509,173.495,808.47,391.53,647.34,552.66,97.5,86.0,1.69755,0.0,1.63509,173.495,808.47,391.53,647.34,552.66,97.5,86.0,1.69755,87.7908,1.64968,170.691,805.494,394.506,649.644,550.356,97.5,86.0,1.72951,160.944,1.67241,166.403,800.878,399.122,653.074,546.926,97.5,86.0,1.7814,161.254,1.71348,162.804,796.483,403.517,659.344,540.656,97.5,86.0,1.87346,0.0,1.71348,162.804,796.483,403.517,659.344,540.656,97.5,81.0,1.87346,0.0,1.71348,162.804,796.483,403.517,659.344,540.656,97.5,81.0,1.87346,44.8878,1.71343,162.301,795.986,404.014,659.265,540.735,97.5,81.0,1.8744,0.0,1.71349,162.299,795.983,404.017,659.274,540.726,97.5,81.0,1.87453,35.7294,1.71434,162.277,795.941,404.059,659.407,540.593,97.5,81.0,1.71434
1.85177,0.0,1.64022,78.4332,796.325,403.675,657.567,542.433,97.5,81.0,1.85177,39.7897,1.63914,78.4158,796.313,403.686,657.482,542.518,97.5,81.0,1.85073,0.0,1.63911,78.4164,796.314,403.686,657.479,542.521,97.5,81.0,1.85069,49.5117,1.64295,78.3523,796.229,403.771,657.775,542.225,97.5,81.0,1.85474,0.0,1.64329,78.3466,796.222,403.778,657.801,542.199,97.5,77.5,1.8551,66.8834,1.67117,77.9099,795.599,404.402,659.934,540.066,97.5,77.5,1.88432,188.726,1.80182,76.7082,792.751,407.249,669.691,530.309,97.5,77.5,2.01663,503.245,2.17084,80.5937,784.595,415.405,697.636,502.364,97.5,77.5,2.35477,14.4467,2.18086,80.8627,784.357,415.643,698.455,501.545,97.5,77.5,2.36336,0.0,2.18086,80.8627,784.357,415.643,698.455,501.545,97.5,77.5,2.18086
